cycle_number,min_temp_c,max_temp_c,delta_t_c,coolant_flow_rate_lpm,pressure_drop_kpa,visual_inspection,notes
1,-40.9,84.8,125.8,6.03,21.74,PASS,
2,-39.8,85.1,124.9,6.02,22.01,PASS,
3,-40.0,84.7,124.7,6.01,22.01,PASS,
4,-39.7,85.0,124.7,6.0,22.28,PASS,
5,-40.3,85.8,126.0,6.03,21.82,PASS,
6,-39.9,84.9,124.8,6.02,21.95,PASS,
7,-39.7,85.2,124.9,6.02,21.87,PASS,
8,-40.1,84.4,124.5,6.01,21.85,PASS,
9,-40.1,85.6,125.7,5.99,22.18,PASS,
10,-40.0,84.8,124.8,6.01,22.02,PASS,
11,-39.8,85.4,125.3,6.01,21.93,PASS,
12,-40.0,85.0,125.0,5.99,21.94,PASS,
13,-39.7,85.2,125.0,5.99,21.93,PASS,
14,-40.1,85.3,125.4,6.02,21.95,PASS,
15,-40.4,84.8,125.2,6.03,21.83,PASS,
16,-39.4,85.4,124.8,5.98,21.98,PASS,
17,-40.2,84.7,124.9,5.99,21.97,PASS,
18,-40.2,85.3,125.5,6.0,21.91,PASS,
19,-40.0,84.8,124.9,6.01,22.05,PASS,
20,-40.0,85.1,125.1,5.99,22.06,PASS,
21,-40.1,84.8,124.9,6.03,21.94,PASS,
22,-40.0,85.0,125.0,6.01,22.0,PASS,
23,-40.0,84.6,124.6,6.01,22.35,PASS,
24,-39.9,85.1,125.0,6.03,22.35,PASS,
25,-40.7,85.0,125.7,5.99,21.87,PASS,
26,-39.4,84.8,124.2,5.99,21.89,PASS,
27,-40.0,85.0,125.0,5.97,21.87,PASS,
28,-39.8,85.1,124.9,5.99,22.19,PASS,
29,-40.4,84.8,125.2,5.97,21.98,PASS,
30,-40.1,84.9,125.1,6.01,22.07,PASS,
31,-40.2,84.6,124.8,6.0,22.34,PASS,
32,-39.6,85.9,125.5,5.99,22.04,PASS,
33,-40.2,85.4,125.6,5.99,22.15,PASS,
34,-39.8,85.1,124.9,6.01,22.12,PASS,
35,-40.2,85.5,125.7,5.97,21.95,PASS,
36,-40.1,84.2,124.3,6.0,22.2,PASS,
37,-40.1,84.0,124.1,6.01,21.92,PASS,
38,-39.6,84.8,124.5,5.96,22.25,PASS,
39,-40.6,84.4,125.0,6.01,21.96,PASS,
40,-40.4,84.9,125.3,5.96,21.98,PASS,
41,-40.6,85.1,125.7,5.99,21.89,PASS,
42,-40.3,85.4,125.7,5.97,21.91,PASS,
43,-40.2,84.5,124.8,6.02,21.99,PASS,
44,-40.5,85.2,125.6,5.97,21.69,PASS,
45,-40.2,85.0,125.2,5.96,22.02,PASS,
46,-40.6,85.1,125.7,6.0,21.98,PASS,
47,-40.3,84.8,125.1,5.98,22.17,PASS,
48,-39.6,85.6,125.2,5.96,22.12,PASS,
49,-39.9,85.0,124.8,6.0,21.95,PASS,
50,-39.9,85.7,125.7,5.95,21.99,PASS,
51,-40.3,84.7,125.0,5.97,22.03,PASS,
52,-40.5,85.3,125.8,5.98,22.29,PASS,
53,-40.3,85.0,125.3,6.01,21.94,PASS,
54,-40.0,84.9,124.9,6.02,21.96,PASS,
55,-39.7,85.3,125.0,6.01,21.9,PASS,
56,-39.7,84.9,124.6,5.99,21.84,PASS,
57,-39.8,83.9,123.7,5.94,22.11,PASS,
58,-40.2,83.8,124.0,6.0,22.1,PASS,
59,-40.0,85.5,125.5,6.02,22.26,PASS,
60,-40.1,85.5,125.6,6.02,22.23,PASS,
61,-40.1,85.8,125.8,6.0,22.43,PASS,
62,-39.4,85.0,124.4,5.97,22.06,PASS,
63,-40.5,84.5,125.0,5.98,22.04,PASS,
64,-40.1,84.8,124.9,6.03,21.88,PASS,
65,-39.6,85.0,124.6,5.96,22.18,PASS,
66,-40.4,84.6,125.0,5.97,22.1,PASS,
67,-40.2,85.7,125.9,6.01,22.18,PASS,
68,-40.2,85.9,126.1,5.98,21.91,PASS,
69,-40.1,85.2,125.3,5.97,22.14,PASS,
70,-40.5,85.0,125.5,6.02,22.11,PASS,
71,-39.8,84.5,124.3,6.0,22.11,PASS,
72,-39.8,85.6,125.4,5.98,21.98,PASS,
73,-39.8,85.0,124.9,5.97,22.27,PASS,
74,-40.3,84.9,125.1,6.03,22.4,PASS,
75,-40.0,85.2,125.2,5.99,21.92,PASS,
76,-40.3,84.8,125.0,6.02,22.2,PASS,
77,-40.1,85.1,125.2,6.01,21.66,PASS,
78,-39.4,84.4,123.8,5.98,22.19,PASS,
79,-40.0,85.4,125.4,5.98,21.81,PASS,
80,-40.4,85.0,125.3,6.02,22.02,PASS,
81,-39.9,85.5,125.4,6.02,21.9,PASS,
82,-40.4,84.9,125.3,5.95,22.07,PASS,
83,-40.4,84.9,125.3,6.0,22.23,PASS,
84,-40.3,84.5,124.8,5.98,21.82,PASS,
85,-40.1,85.3,125.4,5.97,22.05,PASS,
86,-39.7,84.6,124.4,5.99,22.03,PASS,
87,-39.8,84.8,124.6,5.96,22.34,PASS,
88,-39.8,85.0,124.8,5.98,22.17,PASS,
89,-40.3,85.0,125.4,5.97,21.93,PASS,
90,-40.2,84.3,124.5,5.98,22.04,PASS,
91,-39.9,84.9,124.8,5.98,22.34,PASS,
92,-40.2,85.3,125.5,5.97,22.22,PASS,
93,-40.1,84.8,124.9,6.02,21.97,PASS,
94,-39.9,84.9,124.8,6.0,22.07,PASS,
95,-40.1,85.1,125.2,6.02,22.08,PASS,
96,-39.9,84.9,124.9,5.98,22.03,PASS,
97,-39.5,84.6,124.1,5.97,21.86,PASS,
98,-40.1,85.0,125.0,6.02,22.02,PASS,
99,-39.6,85.4,125.0,5.97,22.33,PASS,
100,-39.8,84.6,124.4,5.98,22.06,PASS,
101,-40.4,84.9,125.3,6.0,22.11,PASS,
102,-40.3,84.4,124.8,5.96,22.14,PASS,
103,-40.3,85.4,125.6,6.0,22.46,PASS,
104,-40.3,85.0,125.2,6.0,22.13,PASS,
105,-40.0,84.7,124.7,6.01,22.29,PASS,
106,-39.8,85.0,124.9,6.0,22.04,PASS,
107,-39.6,84.5,124.1,6.01,22.09,PASS,
108,-39.9,84.6,124.5,5.98,22.13,PASS,
109,-40.1,84.4,124.5,5.97,22.01,PASS,
110,-40.6,84.6,125.2,6.03,22.1,PASS,
111,-40.0,85.5,125.5,5.95,22.27,PASS,
112,-40.0,84.7,124.7,5.95,22.01,PASS,
113,-39.9,85.2,125.1,5.99,22.14,PASS,
114,-39.4,84.7,124.0,6.02,22.24,PASS,
115,-39.6,85.3,124.9,5.99,22.01,PASS,
116,-39.8,84.6,124.4,6.0,22.3,PASS,
117,-40.3,85.0,125.3,5.94,22.15,PASS,
118,-40.2,85.0,125.2,5.97,22.12,PASS,
119,-40.0,85.9,126.0,5.94,21.84,PASS,
120,-40.2,85.3,125.5,6.0,22.09,PASS,
121,-39.8,84.8,124.6,5.95,22.2,PASS,
122,-39.9,85.3,125.2,5.96,22.41,PASS,
123,-40.3,85.9,126.2,5.99,22.23,PASS,
124,-39.6,84.3,124.0,6.0,22.32,PASS,
125,-40.0,84.7,124.6,5.98,21.97,PASS,
126,-40.5,84.9,125.4,5.99,22.13,PASS,
127,-40.0,84.8,124.8,5.99,22.34,PASS,
128,-39.9,84.9,124.8,5.98,22.02,PASS,
129,-39.7,84.5,124.2,5.96,22.3,PASS,
130,-40.1,85.6,125.7,5.99,22.27,PASS,
131,-39.8,84.4,124.2,5.99,22.2,PASS,
132,-39.9,84.9,124.9,6.0,22.11,PASS,
133,-40.4,85.4,125.8,5.99,22.01,PASS,
134,-40.4,85.0,125.4,5.96,22.43,PASS,
135,-39.7,84.6,124.3,5.99,22.26,PASS,
136,-39.6,84.5,124.1,5.98,22.21,PASS,
137,-39.9,84.9,124.8,5.97,22.1,PASS,
138,-39.6,84.7,124.2,5.97,22.17,PASS,
139,-39.7,85.1,124.8,5.97,22.19,PASS,
140,-39.8,84.4,124.2,6.0,22.23,PASS,
141,-40.3,85.3,125.6,5.95,22.28,PASS,
142,-39.5,85.0,124.5,5.96,22.05,PASS,
143,-39.8,85.1,124.9,5.97,21.95,PASS,
144,-40.1,85.6,125.7,6.01,22.19,PASS,
145,-40.2,84.8,125.0,6.0,21.91,PASS,
146,-39.9,84.7,124.6,5.95,22.13,PASS,
147,-40.5,84.8,125.3,6.0,22.1,PASS,
148,-39.8,84.9,124.7,6.0,22.25,PASS,
149,-40.3,85.0,125.2,5.95,22.48,PASS,
150,-39.9,84.7,124.6,5.93,21.89,PASS,
151,-40.2,84.2,124.3,5.98,22.52,PASS,
152,-40.1,84.8,124.9,6.0,22.15,PASS,
153,-40.2,85.1,125.4,6.01,22.24,PASS,
154,-40.0,85.1,125.1,5.96,21.97,PASS,
155,-39.4,85.5,124.9,6.01,22.34,PASS,
156,-39.6,85.8,125.4,5.93,22.19,PASS,
157,-39.9,85.3,125.2,5.97,22.18,PASS,
158,-40.0,85.6,125.6,5.97,21.9,PASS,
159,-39.7,85.3,125.1,6.0,22.2,PASS,
160,-39.7,85.7,125.3,6.0,22.32,PASS,
161,-40.2,85.7,126.0,5.99,22.16,PASS,
162,-40.0,85.4,125.4,5.95,22.37,PASS,
163,-40.5,85.3,125.8,5.99,22.37,PASS,
164,-39.7,84.9,124.6,5.99,22.1,PASS,
165,-39.4,85.0,124.4,5.94,22.44,PASS,
166,-40.0,84.9,124.8,5.93,22.21,PASS,
167,-40.6,85.2,125.9,6.0,22.21,PASS,
168,-39.8,84.7,124.5,5.97,22.22,PASS,
169,-40.3,84.9,125.2,5.95,22.21,PASS,
170,-40.2,84.1,124.3,5.97,21.81,PASS,
171,-39.8,85.7,125.5,5.98,22.18,PASS,
172,-39.9,84.9,124.8,5.97,22.0,PASS,
173,-40.1,85.2,125.3,5.94,22.45,PASS,
174,-40.2,85.6,125.8,6.01,22.45,PASS,
175,-40.0,85.1,125.1,5.99,22.34,PASS,
176,-40.1,85.6,125.7,5.97,22.18,PASS,
177,-40.3,84.5,124.8,5.97,22.06,PASS,
178,-40.1,86.0,126.1,5.98,22.11,PASS,
179,-39.9,85.4,125.3,5.95,22.51,PASS,
180,-40.1,85.1,125.1,5.98,22.11,PASS,
181,-40.4,85.6,126.0,5.95,21.86,PASS,
182,-39.7,84.5,124.2,5.97,22.37,PASS,
183,-40.8,84.9,125.7,5.95,22.44,PASS,
184,-40.1,85.6,125.7,5.95,22.47,PASS,
185,-40.2,84.3,124.4,6.01,22.38,PASS,
186,-40.0,85.2,125.2,5.97,22.4,PASS,
187,-39.8,85.2,125.0,5.98,22.23,PASS,
188,-39.7,85.8,125.4,5.93,21.91,PASS,
189,-40.2,84.4,124.6,5.96,22.23,PASS,
190,-39.8,85.6,125.5,5.98,22.32,PASS,
191,-39.9,84.8,124.7,5.98,22.21,PASS,
192,-40.5,84.8,125.3,5.93,22.2,PASS,
193,-39.4,84.5,123.9,5.98,22.09,PASS,
194,-40.4,84.6,125.0,5.98,22.08,PASS,
195,-39.9,85.2,125.0,6.0,22.51,PASS,
196,-39.9,84.6,124.4,5.96,22.52,PASS,
197,-39.9,85.3,125.2,5.93,22.24,PASS,
198,-40.1,84.7,124.9,5.95,22.28,PASS,
199,-39.8,84.5,124.3,5.95,22.09,PASS,
200,-40.5,84.8,125.3,5.98,22.34,PASS,
201,-40.0,85.1,125.2,5.92,22.51,PASS,
202,-40.2,84.9,125.1,5.96,22.01,PASS,
203,-40.2,85.0,125.2,6.0,22.31,PASS,
204,-39.9,85.3,125.1,5.97,22.33,PASS,
205,-39.7,85.4,125.1,5.99,22.33,PASS,
206,-40.1,84.9,125.0,5.94,22.49,PASS,
207,-39.8,84.6,124.3,5.94,22.55,PASS,
208,-40.0,85.0,125.0,6.0,22.21,PASS,
209,-40.3,85.2,125.5,5.97,22.35,PASS,
210,-40.1,84.4,124.5,5.97,22.26,PASS,
211,-40.1,84.6,124.7,5.95,22.16,PASS,
212,-40.2,84.7,124.9,5.97,22.3,PASS,
213,-39.9,84.9,124.8,5.95,22.36,PASS,
214,-39.9,84.7,124.6,5.99,22.29,PASS,
215,-40.5,85.3,125.8,6.02,22.13,PASS,
216,-40.5,84.4,124.9,5.98,22.19,PASS,
217,-39.9,84.4,124.2,5.95,22.19,PASS,
218,-40.2,84.9,125.1,5.92,22.14,PASS,
219,-39.9,84.9,124.8,5.93,22.31,PASS,
220,-39.8,84.4,124.2,6.0,22.33,PASS,
221,-40.4,84.8,125.1,5.95,22.41,PASS,
222,-40.4,84.8,125.3,5.96,22.14,PASS,
223,-39.5,84.8,124.3,5.98,22.18,PASS,
224,-39.9,85.1,125.0,6.0,22.5,PASS,
225,-40.1,84.7,124.9,5.96,22.25,PASS,
226,-40.3,85.6,125.9,5.96,22.28,PASS,
227,-40.2,85.2,125.3,5.97,22.25,PASS,
228,-40.4,84.7,125.0,5.95,22.44,PASS,
229,-39.7,85.0,124.8,5.95,22.45,PASS,
230,-40.2,85.0,125.3,5.97,22.44,PASS,
231,-39.7,85.5,125.2,5.97,22.28,PASS,
232,-40.1,84.8,124.9,6.01,22.15,PASS,
233,-40.3,85.3,125.6,5.97,22.57,PASS,
234,-40.1,85.0,125.1,5.99,22.41,PASS,
235,-40.8,85.6,126.4,5.94,22.21,PASS,
236,-40.0,85.5,125.6,5.98,22.5,PASS,
237,-40.1,85.1,125.1,5.95,22.2,PASS,
238,-39.8,84.9,124.6,5.97,22.5,PASS,
239,-40.6,85.2,125.8,5.98,22.51,PASS,
240,-39.7,84.9,124.6,5.96,22.15,PASS,
241,-39.8,85.7,125.4,6.01,22.38,PASS,
242,-39.6,85.0,124.7,5.99,22.41,PASS,
243,-40.0,84.8,124.9,5.99,22.68,PASS,
244,-39.7,84.8,124.5,5.98,22.18,PASS,
245,-40.4,84.5,125.0,6.0,22.51,PASS,
246,-39.8,85.2,125.0,5.93,22.3,PASS,
247,-40.2,84.7,124.9,5.99,22.11,PASS,
248,-40.5,85.4,125.9,5.94,22.28,PASS,
249,-40.3,84.5,124.8,5.95,22.3,PASS,
250,-40.0,85.1,125.0,5.97,22.14,PASS,250-cycle periodic check: nominal
251,-40.2,85.5,125.7,5.99,22.35,PASS,
252,-39.9,84.1,124.0,5.94,22.45,PASS,
253,-40.5,85.8,126.3,5.95,22.34,PASS,
254,-40.6,84.8,125.5,5.96,22.22,PASS,
255,-39.6,85.1,124.6,5.96,22.28,PASS,
256,-39.7,85.2,125.0,5.98,22.31,PASS,
257,-40.3,85.3,125.6,6.03,22.34,PASS,
258,-40.0,85.1,125.1,5.97,22.48,PASS,
259,-39.7,85.4,125.1,5.95,22.35,PASS,
260,-39.9,85.2,125.1,5.94,22.1,PASS,
261,-40.0,85.7,125.7,5.95,22.23,PASS,
262,-39.7,85.2,124.9,5.94,22.34,PASS,
263,-40.2,85.8,126.0,5.97,22.48,PASS,
264,-40.0,85.4,125.4,5.97,22.51,PASS,
265,-40.0,84.3,124.3,5.95,22.58,PASS,
266,-40.1,86.0,126.1,6.0,22.34,PASS,
267,-40.1,84.8,124.9,5.95,22.43,PASS,
268,-40.0,85.6,125.6,5.96,22.1,PASS,
269,-40.0,85.0,125.0,5.97,22.39,PASS,
270,-40.3,85.4,125.7,5.98,22.16,PASS,
271,-39.8,84.7,124.5,5.98,22.32,PASS,
272,-40.3,85.3,125.5,5.97,22.78,PASS,
273,-40.1,84.9,125.0,5.98,22.37,PASS,
274,-40.1,85.6,125.7,5.95,22.2,PASS,
275,-39.9,85.2,125.1,5.98,22.39,PASS,
276,-40.6,85.4,126.0,5.98,22.25,PASS,
277,-39.7,84.1,123.9,5.99,22.19,PASS,
278,-40.2,85.0,125.2,5.92,22.65,PASS,
279,-39.6,85.2,124.8,5.94,22.49,PASS,
280,-40.1,85.1,125.2,5.97,22.39,PASS,
281,-40.0,85.4,125.4,5.9,22.28,PASS,
282,-39.4,84.9,124.3,5.97,22.29,PASS,
283,-40.1,85.0,125.1,5.98,22.57,PASS,
284,-39.6,85.5,125.1,5.95,22.39,PASS,
285,-40.0,84.1,124.1,5.95,21.88,PASS,
286,-39.9,85.2,125.1,5.94,22.71,PASS,
287,-40.0,84.9,124.8,5.95,22.37,PASS,
288,-39.7,84.6,124.4,5.95,22.4,PASS,
289,-40.2,85.1,125.3,5.94,22.51,PASS,
290,-40.3,85.5,125.8,5.94,22.42,PASS,
291,-40.2,85.4,125.6,5.95,22.46,PASS,
292,-40.0,84.9,124.9,5.95,22.29,PASS,
293,-40.1,85.4,125.4,5.99,22.17,PASS,
294,-39.8,85.3,125.1,5.95,22.39,PASS,
295,-39.6,85.0,124.6,5.96,22.57,PASS,
296,-40.3,84.7,125.0,5.94,22.26,PASS,
297,-40.2,84.7,125.0,5.94,22.25,PASS,
298,-40.4,85.3,125.8,5.92,22.54,PASS,
299,-39.4,85.0,124.4,5.92,22.29,PASS,
300,-39.9,84.6,124.5,5.93,22.3,PASS,
301,-39.9,84.3,124.2,5.96,22.31,PASS,
302,-40.4,85.3,125.7,5.98,22.35,PASS,
303,-40.0,84.8,124.8,5.92,22.13,PASS,
304,-39.8,85.1,125.0,5.94,22.28,PASS,
305,-40.1,85.5,125.6,5.93,22.4,PASS,
306,-39.7,84.5,124.2,5.95,22.4,PASS,
307,-39.3,85.0,124.3,5.98,22.54,PASS,
308,-40.3,84.9,125.2,5.94,22.65,PASS,
309,-40.3,85.2,125.5,5.95,22.6,PASS,
310,-40.3,85.5,125.8,5.98,22.51,PASS,
311,-39.5,84.5,124.0,5.96,22.35,PASS,
312,-39.7,85.2,124.9,5.94,22.28,PASS,
313,-40.0,85.4,125.5,5.96,22.38,PASS,
314,-40.0,84.9,124.9,5.94,22.46,PASS,
315,-40.2,84.9,125.2,5.96,22.5,PASS,
316,-39.7,85.2,124.9,5.96,22.47,PASS,
317,-40.1,85.1,125.3,5.93,22.36,PASS,
318,-40.1,85.2,125.3,5.96,22.5,PASS,
319,-39.8,85.2,125.0,5.95,22.57,PASS,
320,-40.1,84.6,124.7,5.96,22.52,PASS,
321,-40.1,85.4,125.5,5.97,22.38,PASS,
322,-40.0,85.5,125.5,5.96,22.26,PASS,
323,-39.8,85.1,124.8,5.95,22.26,PASS,
324,-39.5,84.4,123.9,5.97,22.29,PASS,
325,-39.8,85.0,124.8,5.93,22.43,PASS,
326,-39.8,85.1,124.8,5.92,22.47,PASS,
327,-40.1,84.5,124.6,5.89,22.18,PASS,
328,-40.2,84.9,125.1,5.95,22.32,PASS,
329,-39.8,84.4,124.2,5.93,22.43,PASS,
330,-39.9,85.2,125.2,5.96,22.26,PASS,
331,-40.4,85.1,125.5,5.91,22.46,PASS,
332,-40.1,84.3,124.4,5.94,22.35,PASS,
333,-40.0,85.1,125.2,5.96,22.29,PASS,
334,-40.2,85.0,125.1,5.93,22.41,PASS,
335,-39.6,85.2,124.8,5.96,22.46,PASS,
336,-39.9,84.8,124.7,5.94,22.28,PASS,
337,-39.6,84.7,124.3,5.95,22.37,PASS,
338,-39.9,84.7,124.6,5.96,22.48,PASS,
339,-40.0,84.8,124.8,5.97,22.29,PASS,
340,-40.3,85.0,125.3,5.95,22.16,PASS,
341,-40.0,85.1,125.1,5.93,22.18,PASS,
342,-40.0,84.9,124.9,5.94,22.35,PASS,
343,-40.4,84.8,125.2,5.96,22.21,PASS,
344,-40.2,84.9,125.0,5.93,22.36,PASS,
345,-40.1,86.0,126.1,5.94,22.66,PASS,
346,-39.9,84.7,124.6,5.94,22.21,PASS,
347,-39.9,84.8,124.6,5.95,22.37,PASS,
348,-40.2,86.3,126.5,5.93,22.74,PASS,
349,-39.9,85.2,125.0,5.91,22.48,PASS,
350,-40.1,84.4,124.5,5.96,22.36,PASS,
351,-40.9,85.3,126.2,5.97,22.4,PASS,
352,-40.1,84.6,124.8,5.91,22.49,PASS,
353,-39.7,85.4,125.0,5.95,22.68,PASS,
354,-40.5,84.9,125.4,5.97,22.35,PASS,
355,-40.0,84.8,124.8,5.96,22.31,PASS,
356,-39.5,85.6,125.2,5.94,22.22,PASS,
357,-40.2,85.2,125.5,5.93,22.44,PASS,
358,-40.0,85.4,125.4,5.95,22.22,PASS,
359,-40.4,85.2,125.6,5.95,22.36,PASS,
360,-39.5,84.8,124.3,5.95,22.3,PASS,
361,-40.0,85.2,125.3,5.94,22.59,PASS,
362,-40.0,85.5,125.5,5.92,22.36,PASS,
363,-39.6,85.1,124.6,5.95,22.5,PASS,
364,-39.8,85.7,125.5,5.95,22.2,PASS,
365,-40.3,85.3,125.6,5.95,22.46,PASS,
366,-40.2,85.1,125.3,5.95,22.26,PASS,
367,-39.9,85.1,125.0,5.98,22.38,PASS,
368,-40.2,85.1,125.2,5.93,22.77,PASS,
369,-40.6,84.5,125.1,5.97,22.58,PASS,
370,-40.0,85.0,125.0,5.93,22.42,PASS,
371,-40.4,85.1,125.5,5.97,22.93,PASS,
372,-39.5,84.8,124.3,5.97,22.31,PASS,
373,-39.9,85.1,125.1,5.94,22.62,PASS,
374,-40.3,85.0,125.3,5.98,22.22,PASS,
375,-40.2,85.3,125.5,5.95,22.41,PASS,
376,-40.6,85.3,125.8,5.93,22.25,PASS,
377,-40.3,85.1,125.4,5.94,22.49,PASS,
378,-39.7,84.5,124.1,5.97,22.46,PASS,
379,-39.3,85.7,125.0,5.96,22.41,PASS,
380,-39.8,84.9,124.7,5.92,22.62,PASS,
381,-40.0,85.0,125.0,5.94,22.37,PASS,
382,-40.1,84.9,125.0,5.95,22.51,PASS,
383,-40.3,84.8,125.1,5.93,22.58,PASS,
384,-39.4,85.6,125.0,5.99,22.24,PASS,
385,-40.1,85.6,125.6,5.95,22.35,PASS,
386,-39.4,85.2,124.5,5.94,22.47,PASS,
387,-39.6,85.0,124.5,5.97,22.56,PASS,
388,-40.5,85.2,125.8,5.93,22.68,PASS,
389,-40.2,85.0,125.2,5.96,22.43,PASS,
390,-40.2,84.9,125.1,5.91,22.42,PASS,
391,-40.0,85.1,125.2,5.93,22.34,PASS,
392,-40.0,84.8,124.8,5.96,22.52,PASS,
393,-39.1,85.1,124.2,5.97,22.43,PASS,
394,-40.3,85.1,125.4,5.93,22.43,PASS,
395,-39.9,85.2,125.2,5.92,22.46,PASS,
396,-39.8,84.8,124.6,5.95,22.56,PASS,
397,-40.0,85.3,125.3,5.93,22.39,PASS,
398,-40.0,84.6,124.6,5.93,22.36,PASS,
399,-40.3,84.8,125.1,5.96,22.54,PASS,
400,-40.0,84.8,124.8,5.93,22.03,PASS,
401,-39.8,84.6,124.4,5.9,22.39,PASS,
402,-39.9,85.4,125.3,5.91,22.31,PASS,
403,-39.8,84.6,124.4,5.94,22.66,PASS,
404,-39.6,84.7,124.3,5.9,22.42,PASS,
405,-39.7,85.5,125.2,5.93,22.4,PASS,
406,-40.0,84.8,124.8,5.91,22.48,PASS,
407,-40.4,84.9,125.3,5.97,22.4,PASS,
408,-40.2,84.6,124.8,5.98,22.43,PASS,
409,-40.1,85.3,125.4,5.92,22.51,PASS,
410,-39.9,85.3,125.3,5.94,22.43,PASS,
411,-40.1,85.3,125.4,5.92,22.43,PASS,
412,-40.3,85.2,125.5,5.93,22.34,PASS,
413,-40.4,85.0,125.4,5.97,22.32,PASS,
414,-40.5,84.8,125.3,5.93,22.51,PASS,
415,-40.1,84.7,124.7,5.93,22.54,PASS,
416,-40.4,85.5,126.0,5.92,22.28,PASS,
417,-40.3,85.3,125.6,5.96,22.61,PASS,
418,-40.1,84.7,124.8,5.87,22.62,PASS,
419,-40.4,85.0,125.4,5.93,22.65,PASS,
420,-39.9,84.9,124.8,5.94,22.55,PASS,
421,-39.8,84.5,124.3,5.92,22.6,PASS,
422,-40.2,85.1,125.2,5.95,22.83,PASS,
423,-40.1,84.8,125.0,5.96,22.46,PASS,
424,-39.8,84.6,124.5,5.91,22.35,PASS,
425,-40.2,84.4,124.6,5.98,22.28,PASS,
426,-40.2,84.4,124.6,5.91,22.77,PASS,
427,-39.6,84.9,124.5,5.96,22.78,PASS,
428,-39.7,85.0,124.7,5.94,22.37,PASS,
429,-39.8,84.6,124.5,5.93,22.41,PASS,
430,-39.7,85.3,125.0,5.93,22.47,PASS,
431,-40.6,85.0,125.6,5.93,22.7,PASS,
432,-39.6,85.2,124.8,5.94,22.33,PASS,
433,-39.9,84.9,124.8,5.92,22.22,PASS,
434,-39.7,84.7,124.4,5.93,22.85,PASS,
435,-39.9,85.0,124.9,5.92,22.57,PASS,
436,-40.0,84.5,124.5,5.91,22.59,PASS,
437,-40.1,85.2,125.3,5.92,22.49,PASS,
438,-39.9,84.6,124.5,5.91,22.6,PASS,
439,-40.1,85.4,125.5,5.93,22.3,PASS,
440,-39.7,84.9,124.6,5.94,22.4,PASS,
441,-40.5,85.4,125.9,5.94,22.54,PASS,
442,-40.2,84.6,124.7,5.97,22.19,PASS,
443,-39.4,84.7,124.1,5.89,22.49,PASS,
444,-40.2,85.2,125.3,5.94,22.48,PASS,
445,-40.1,85.5,125.5,5.93,22.49,PASS,
446,-40.3,85.7,125.9,5.95,22.45,PASS,
447,-39.9,85.0,124.9,5.95,22.39,PASS,
448,-40.2,85.7,126.0,5.93,22.26,PASS,
449,-40.1,84.9,124.9,5.94,22.56,PASS,
450,-39.7,85.4,125.2,5.92,22.49,PASS,
451,-40.2,84.6,124.8,5.94,22.33,PASS,
452,-39.8,85.2,124.9,5.89,22.55,PASS,
453,-39.8,84.1,123.8,5.95,22.5,PASS,
454,-39.7,84.6,124.2,5.93,22.48,PASS,
455,-40.0,85.2,125.1,5.92,22.22,PASS,
456,-39.0,84.5,123.5,5.93,22.65,PASS,
457,-39.7,85.2,124.9,5.93,22.36,PASS,
458,-39.9,85.4,125.3,5.96,22.56,PASS,
459,-40.3,84.8,125.1,6.0,22.43,PASS,
460,-40.0,84.6,124.6,5.96,22.49,PASS,
461,-39.6,84.8,124.4,5.92,22.73,PASS,
462,-39.5,84.6,124.1,5.94,22.63,PASS,
463,-39.6,85.0,124.5,5.94,22.73,PASS,
464,-39.8,85.0,124.8,5.91,22.61,PASS,
465,-40.4,84.9,125.3,5.91,22.62,PASS,
466,-39.9,85.7,125.5,5.93,22.29,PASS,
467,-40.4,84.7,125.1,5.95,22.51,PASS,
468,-40.4,85.6,126.0,5.9,22.53,PASS,
469,-39.9,84.6,124.5,5.92,22.75,PASS,
470,-39.8,85.0,124.9,5.94,22.49,PASS,
471,-39.7,85.5,125.2,5.93,22.6,PASS,
472,-39.9,85.5,125.3,5.96,22.6,PASS,
473,-39.8,84.8,124.7,5.9,22.74,PASS,
474,-40.3,85.2,125.5,5.98,22.55,PASS,
475,-40.0,85.2,125.2,5.9,22.69,PASS,
476,-40.5,84.8,125.2,5.89,22.32,PASS,
477,-40.6,85.2,125.8,5.93,22.33,PASS,
478,-39.8,85.7,125.5,5.91,22.23,PASS,
479,-40.2,85.2,125.4,5.93,22.69,PASS,
480,-39.7,85.2,125.0,5.93,22.68,PASS,
481,-39.7,85.3,124.9,5.92,22.71,PASS,
482,-40.2,84.4,124.6,5.91,22.48,PASS,
483,-39.8,85.2,125.0,5.94,22.5,PASS,
484,-40.2,84.6,124.8,5.92,22.56,PASS,
485,-40.6,84.8,125.3,5.95,22.8,PASS,
486,-40.0,85.9,125.8,5.92,22.84,PASS,
487,-40.1,84.9,125.0,5.91,22.7,PASS,
488,-40.1,84.7,124.8,5.89,22.64,PASS,
489,-39.4,85.5,124.9,5.92,22.79,PASS,
490,-40.5,84.6,125.1,5.9,22.55,PASS,
491,-39.9,84.8,124.7,5.9,22.53,PASS,
492,-40.3,85.5,125.8,5.94,22.57,PASS,
493,-39.7,85.0,124.7,5.89,22.44,PASS,
494,-39.9,84.4,124.3,5.95,22.57,PASS,
495,-39.9,85.2,125.1,5.93,22.43,PASS,
496,-40.3,84.8,125.1,5.92,22.75,PASS,
497,-40.2,85.6,125.8,5.9,22.68,PASS,
498,-39.7,84.8,124.5,5.94,22.81,PASS,
499,-39.5,85.4,124.9,5.93,22.35,PASS,
500,-39.9,85.7,125.6,5.91,22.89,PASS,500-cycle inspection: no anomalies
501,-40.3,84.7,124.9,5.93,22.37,PASS,
502,-39.9,84.9,124.8,5.89,22.42,PASS,
503,-39.3,85.2,124.4,5.89,22.51,PASS,
504,-40.0,84.7,124.6,5.9,22.8,PASS,
505,-39.6,85.1,124.7,5.93,22.64,PASS,
506,-40.2,84.9,125.1,5.92,22.57,PASS,
507,-40.0,84.9,124.9,5.94,22.49,PASS,
508,-39.8,85.0,124.8,5.91,22.4,PASS,
509,-39.9,85.0,124.9,5.94,22.78,PASS,
510,-40.2,85.1,125.3,5.92,22.73,PASS,
511,-40.2,84.8,125.0,5.9,22.82,PASS,
512,-39.7,84.8,124.5,5.93,22.67,PASS,
513,-39.6,85.0,124.6,5.92,22.22,PASS,
514,-39.5,85.0,124.5,5.91,22.43,PASS,
515,-39.5,84.8,124.3,5.92,22.69,PASS,
516,-40.0,85.1,125.1,5.92,22.56,PASS,
517,-40.1,84.3,124.4,5.92,22.54,PASS,
518,-39.6,84.7,124.3,5.91,22.46,PASS,
519,-39.8,84.9,124.7,5.9,22.76,PASS,
520,-40.3,84.7,125.0,5.92,22.69,PASS,
521,-40.3,85.7,126.0,5.91,22.7,PASS,
522,-39.9,85.0,124.9,5.9,22.53,PASS,
523,-40.1,85.1,125.1,5.92,22.65,PASS,
524,-40.0,84.8,124.8,5.94,22.43,PASS,
525,-39.7,85.0,124.7,5.92,22.61,PASS,
526,-39.8,84.5,124.3,5.91,22.25,PASS,
527,-39.6,84.9,124.5,5.91,22.4,PASS,
528,-40.6,84.6,125.2,5.93,22.59,PASS,
529,-39.9,84.9,124.8,5.87,22.99,PASS,
530,-39.8,84.0,123.8,5.94,22.37,PASS,
531,-40.5,84.5,125.0,5.88,22.45,PASS,
532,-40.2,85.6,125.8,5.89,22.67,PASS,
533,-40.3,85.3,125.6,5.91,22.91,PASS,
534,-40.0,85.5,125.5,5.96,22.67,PASS,
535,-39.5,85.6,125.1,5.95,22.75,PASS,
536,-39.4,85.3,124.7,5.93,22.59,PASS,
537,-40.2,84.8,125.1,5.93,22.57,PASS,
538,-39.8,84.6,124.4,5.88,22.66,PASS,
539,-39.8,85.5,125.3,5.92,22.55,PASS,
540,-39.9,85.0,124.9,5.91,22.76,PASS,
541,-39.9,86.0,125.9,5.9,22.41,PASS,
542,-39.9,84.9,124.8,5.92,22.78,PASS,
543,-39.5,85.8,125.3,5.91,22.66,PASS,
544,-39.7,84.9,124.6,5.94,22.62,PASS,
545,-40.3,85.5,125.9,5.88,22.41,PASS,
546,-39.8,85.7,125.4,5.92,22.51,PASS,
547,-39.7,84.6,124.3,5.9,22.84,PASS,
548,-39.9,84.8,124.7,5.91,22.63,PASS,
549,-39.7,84.6,124.2,5.92,22.7,PASS,
550,-39.9,84.5,124.5,5.9,22.53,PASS,
551,-39.9,85.3,125.2,5.92,22.66,PASS,
552,-40.0,84.9,124.9,5.91,22.46,PASS,
553,-40.6,85.0,125.6,5.9,22.68,PASS,
554,-40.0,85.2,125.2,5.91,22.72,PASS,
555,-40.2,84.3,124.5,5.91,22.71,PASS,
556,-40.4,85.5,125.9,5.9,22.53,PASS,
557,-39.6,84.9,124.4,5.92,22.62,PASS,
558,-39.8,85.2,125.1,5.91,22.75,PASS,
559,-40.0,85.2,125.3,5.9,22.64,PASS,
560,-40.2,85.5,125.7,5.95,22.63,PASS,
561,-39.9,85.0,124.9,5.92,22.96,PASS,
562,-39.7,84.2,123.9,5.91,22.53,PASS,
563,-40.2,85.0,125.3,5.92,22.84,PASS,
564,-40.0,85.1,125.1,5.89,22.5,PASS,
565,-39.7,84.6,124.3,5.91,22.78,PASS,
566,-40.6,85.1,125.6,5.91,22.79,PASS,
567,-40.0,84.9,124.9,5.89,22.6,PASS,
568,-40.1,84.5,124.6,5.92,22.5,PASS,
569,-40.0,85.3,125.3,5.9,22.39,PASS,
570,-40.2,84.8,124.9,5.91,22.59,PASS,
571,-40.0,84.8,124.8,5.9,22.76,PASS,
572,-39.4,84.8,124.2,5.97,22.52,PASS,
573,-40.1,85.5,125.6,5.9,22.7,PASS,
574,-39.9,85.0,124.9,5.87,22.47,PASS,
575,-39.4,85.0,124.4,5.88,22.65,PASS,
576,-40.2,84.8,125.0,5.93,22.52,PASS,
577,-39.5,85.2,124.6,5.94,22.68,PASS,
578,-40.0,85.5,125.5,5.9,22.62,PASS,
579,-39.5,85.3,124.7,5.94,22.52,PASS,
580,-39.8,85.3,125.0,5.93,22.6,PASS,
581,-39.9,85.2,125.2,5.91,22.56,PASS,
582,-40.0,84.4,124.5,5.91,22.5,PASS,
583,-40.2,84.6,124.8,5.92,22.86,PASS,
584,-40.0,84.9,124.9,5.93,22.65,PASS,
585,-39.7,84.7,124.4,5.92,22.37,PASS,
586,-40.0,84.6,124.6,5.9,22.61,PASS,
587,-40.1,84.3,124.3,5.91,22.84,PASS,
588,-40.1,84.5,124.5,5.95,22.59,PASS,
589,-39.7,84.9,124.6,5.92,22.93,PASS,
590,-39.6,85.0,124.6,5.93,22.58,PASS,
591,-40.2,84.7,124.9,5.92,22.78,PASS,
592,-40.2,85.0,125.2,5.92,22.87,PASS,
593,-39.9,84.8,124.7,5.91,22.78,PASS,
594,-39.5,85.4,125.0,5.93,22.51,PASS,
595,-39.7,84.9,124.6,5.93,22.57,PASS,
596,-40.4,85.3,125.7,5.92,22.89,PASS,
597,-40.1,85.1,125.2,5.9,22.6,PASS,
598,-40.3,84.4,124.7,5.92,22.86,PASS,
599,-40.1,85.0,125.0,5.91,22.65,PASS,
600,-39.5,84.5,124.0,5.9,22.74,PASS,
601,-40.4,85.0,125.4,5.96,22.51,PASS,
602,-40.5,84.7,125.2,5.88,22.63,PASS,
603,-40.2,85.2,125.4,5.93,22.59,PASS,
604,-39.9,84.5,124.4,5.89,22.76,PASS,
605,-39.8,85.0,124.8,5.91,22.74,PASS,
606,-39.9,85.2,125.1,5.96,22.8,PASS,
607,-39.6,85.4,125.0,5.89,22.65,PASS,
608,-40.5,84.7,125.2,5.89,22.59,PASS,
609,-39.6,85.0,124.7,5.91,22.76,PASS,
610,-40.1,85.1,125.2,5.89,22.58,PASS,
611,-39.8,85.6,125.4,5.93,22.89,PASS,
612,-40.4,84.4,124.8,5.9,22.72,PASS,
613,-40.0,84.6,124.6,5.92,22.69,PASS,
614,-39.9,86.1,126.1,5.88,22.81,PASS,
615,-39.7,84.9,124.5,5.87,22.73,PASS,
616,-40.5,84.2,124.7,5.9,22.49,PASS,
617,-40.0,84.8,124.8,5.88,22.58,PASS,
618,-40.3,83.9,124.2,5.94,22.9,PASS,
619,-39.8,85.1,124.9,5.88,22.76,PASS,
620,-39.8,85.3,125.1,5.89,22.49,PASS,
621,-39.6,84.6,124.2,5.92,22.8,PASS,
622,-40.2,84.8,125.0,5.89,22.66,PASS,
623,-39.7,85.4,125.1,5.88,22.62,PASS,
624,-39.6,84.3,123.9,5.95,22.58,PASS,
625,-40.5,84.5,125.0,5.89,22.9,PASS,
626,-39.8,84.9,124.7,5.9,22.46,PASS,
627,-39.7,84.7,124.4,5.9,22.63,PASS,
628,-40.1,84.9,125.0,5.92,22.77,PASS,
629,-40.4,84.5,124.9,5.91,22.99,PASS,
630,-39.7,85.1,124.8,5.89,22.84,PASS,
631,-40.4,84.9,125.3,5.9,22.63,PASS,
632,-40.1,85.2,125.3,5.9,22.99,PASS,
633,-40.0,85.1,125.1,5.92,22.56,PASS,
634,-39.8,85.1,124.9,5.88,22.8,PASS,
635,-40.2,84.4,124.6,5.95,22.84,PASS,
636,-40.2,85.2,125.4,5.89,22.63,PASS,
637,-40.0,84.9,124.8,5.9,22.87,PASS,
638,-39.7,84.9,124.6,5.88,22.69,PASS,
639,-39.3,85.4,124.7,5.88,22.87,PASS,
640,-40.5,84.7,125.2,5.89,22.49,PASS,
641,-39.9,85.5,125.4,5.88,22.82,PASS,
642,-40.3,85.6,125.9,5.9,22.71,PASS,
643,-39.7,85.3,125.0,5.88,22.94,PASS,
644,-40.3,84.6,124.9,5.92,22.77,PASS,
645,-40.2,84.1,124.3,5.89,22.96,PASS,
646,-40.2,85.4,125.6,5.89,22.85,PASS,
647,-40.0,85.0,125.1,5.9,22.76,PASS,
648,-39.9,84.7,124.6,5.92,22.9,PASS,
649,-39.9,85.5,125.3,5.91,22.9,PASS,
650,-40.0,84.7,124.7,5.9,22.85,PASS,
651,-40.4,84.8,125.2,5.87,22.44,PASS,
652,-39.8,85.2,125.0,5.88,22.64,PASS,
653,-40.0,84.6,124.6,5.88,22.99,PASS,
654,-39.7,85.0,124.6,5.93,22.6,PASS,
655,-40.2,85.4,125.6,5.91,22.92,PASS,
656,-40.5,85.1,125.6,5.88,22.89,PASS,
657,-40.0,85.5,125.5,5.89,22.68,PASS,
658,-39.6,85.5,125.1,5.88,22.49,PASS,
659,-40.0,85.0,125.0,5.88,22.71,PASS,
660,-40.1,84.1,124.1,5.91,23.1,PASS,
661,-40.3,84.6,124.8,5.9,22.66,PASS,
662,-39.5,85.3,124.8,5.94,22.68,PASS,
663,-40.3,84.4,124.7,5.93,22.65,PASS,
664,-40.2,84.9,125.1,5.93,22.98,PASS,
665,-39.8,85.1,125.0,5.91,22.76,PASS,
666,-40.6,85.6,126.1,5.89,22.71,PASS,
667,-39.6,84.8,124.4,5.91,23.01,PASS,
668,-39.8,84.7,124.6,5.89,22.89,PASS,
669,-39.7,85.0,124.7,5.93,22.66,PASS,
670,-39.8,85.1,125.0,5.91,22.62,PASS,
671,-40.0,84.9,125.0,5.9,22.98,PASS,
672,-40.3,85.4,125.7,5.9,22.81,PASS,
673,-40.0,84.7,124.7,5.93,22.58,PASS,
674,-40.3,85.0,125.3,5.87,22.54,PASS,
675,-39.9,85.2,125.0,5.94,22.64,PASS,
676,-39.8,84.8,124.6,5.89,22.63,PASS,
677,-39.6,85.3,124.9,5.87,22.51,PASS,
678,-39.9,85.1,124.9,5.88,22.65,PASS,
679,-39.7,85.3,125.0,5.87,22.68,PASS,
680,-40.1,85.1,125.2,5.91,22.75,PASS,
681,-40.1,85.2,125.3,5.88,23.07,PASS,
682,-39.9,84.7,124.6,5.9,22.78,PASS,
683,-40.1,84.7,124.9,5.92,22.79,PASS,
684,-39.9,85.5,125.4,5.88,22.9,PASS,
685,-40.3,85.3,125.6,5.89,22.79,PASS,
686,-40.3,84.6,124.9,5.87,22.88,PASS,
687,-39.8,85.1,124.9,5.89,22.87,PASS,
688,-39.7,84.1,123.8,5.95,22.84,PASS,
689,-40.3,84.8,125.1,5.91,23.24,PASS,
690,-39.8,85.4,125.2,5.89,22.96,PASS,
691,-40.2,84.9,125.1,5.88,22.67,PASS,
692,-40.0,85.0,125.0,5.9,22.89,PASS,
693,-39.6,83.8,123.4,5.9,22.71,PASS,
694,-39.8,84.8,124.6,5.89,22.9,PASS,
695,-39.8,85.1,124.9,5.91,22.63,PASS,
696,-39.4,85.2,124.6,5.88,22.67,PASS,
697,-40.2,85.4,125.6,5.88,22.89,PASS,
698,-40.3,84.9,125.2,5.9,22.99,PASS,
699,-40.2,84.9,125.2,5.87,22.91,PASS,
700,-40.1,84.5,124.5,5.91,22.97,PASS,
701,-40.7,84.9,125.6,5.89,22.9,PASS,
702,-40.1,84.5,124.6,5.86,22.87,PASS,
703,-40.2,84.3,124.4,5.9,22.77,PASS,
704,-39.8,84.6,124.3,5.86,22.97,PASS,
705,-39.9,85.6,125.5,5.91,23.0,PASS,
706,-40.2,84.9,125.1,5.89,22.84,PASS,
707,-39.8,85.1,124.9,5.93,22.83,PASS,
708,-39.8,84.8,124.6,5.92,23.09,PASS,
709,-40.2,84.3,124.5,5.87,22.85,PASS,
710,-40.1,85.4,125.5,5.85,22.86,PASS,
711,-40.7,84.1,124.8,5.88,22.93,PASS,
712,-40.3,84.8,125.1,5.87,22.84,PASS,
713,-40.2,85.0,125.2,5.93,22.73,PASS,
714,-40.0,85.1,125.1,5.89,22.91,PASS,
715,-40.3,84.7,125.0,5.91,22.85,PASS,
716,-40.2,84.3,124.4,5.89,23.14,PASS,
717,-40.4,84.7,125.0,5.89,22.98,PASS,
718,-39.9,84.7,124.6,5.89,22.77,PASS,
719,-39.9,84.7,124.6,5.91,22.97,PASS,
720,-39.9,85.4,125.3,5.9,22.91,PASS,
721,-40.0,84.5,124.5,5.87,23.06,PASS,
722,-40.5,85.1,125.6,5.92,22.79,PASS,
723,-40.2,85.1,125.2,5.89,22.9,PASS,
724,-40.1,85.4,125.5,5.88,22.85,PASS,
725,-40.1,84.9,125.1,5.83,22.88,PASS,
726,-40.0,85.3,125.3,5.9,22.74,PASS,
727,-39.6,84.9,124.5,5.89,22.96,PASS,
728,-39.8,85.2,124.9,5.89,22.94,PASS,
729,-40.3,84.4,124.7,5.88,23.07,PASS,
730,-39.8,83.9,123.7,5.88,22.87,PASS,
731,-39.8,85.2,125.0,5.88,22.82,PASS,
732,-40.2,85.2,125.4,5.9,23.0,PASS,
733,-39.7,85.2,124.9,5.9,22.76,PASS,
734,-40.0,84.8,124.8,5.89,23.04,PASS,
735,-40.4,85.6,126.0,5.91,23.04,PASS,
736,-39.9,84.8,124.7,5.89,23.07,PASS,
737,-39.9,85.2,125.1,5.88,22.94,PASS,
738,-40.1,85.2,125.3,5.89,22.81,PASS,
739,-40.0,85.7,125.7,5.86,22.9,PASS,
740,-40.2,84.9,125.1,5.89,22.95,PASS,
741,-39.8,84.7,124.6,5.86,22.81,PASS,
742,-40.0,84.4,124.4,5.87,23.09,PASS,
743,-40.0,85.6,125.6,5.85,22.98,PASS,
744,-39.9,85.2,125.1,5.88,22.76,PASS,
745,-40.3,85.2,125.5,5.92,23.18,PASS,
746,-40.3,86.2,126.5,5.89,22.91,PASS,
747,-40.7,85.1,125.8,5.9,22.73,PASS,
748,-39.8,84.5,124.3,5.93,22.77,PASS,
749,-40.4,84.9,125.3,5.9,23.12,PASS,
750,-40.0,84.6,124.6,5.87,23.17,PASS,750-cycle periodic check: nominal
751,-39.9,84.8,124.7,5.87,23.05,PASS,
752,-39.8,84.8,124.7,5.89,23.1,PASS,
753,-40.4,84.8,125.1,5.87,23.09,PASS,
754,-40.0,84.4,124.5,5.88,22.99,PASS,
755,-39.5,85.6,125.1,5.91,22.96,PASS,
756,-39.5,85.1,124.6,5.91,22.99,PASS,
757,-39.7,84.9,124.6,5.85,23.02,PASS,
758,-39.9,85.3,125.2,5.87,22.8,PASS,
759,-40.3,85.2,125.5,5.88,23.02,PASS,
760,-39.8,85.1,124.9,5.9,23.13,PASS,
761,-40.0,85.3,125.3,5.91,22.88,PASS,
762,-39.8,85.1,124.9,5.94,22.87,PASS,
763,-40.2,85.3,125.5,5.88,22.99,PASS,
764,-40.1,85.3,125.4,5.88,22.82,PASS,
765,-40.0,85.1,125.0,5.9,22.72,PASS,
766,-39.9,84.9,124.8,5.87,23.09,PASS,
767,-39.9,85.6,125.5,5.88,22.85,PASS,
768,-40.2,84.8,125.0,5.88,22.92,PASS,
769,-40.4,85.2,125.6,5.83,22.83,PASS,
770,-39.5,85.2,124.7,5.89,23.12,PASS,
771,-39.3,84.8,124.0,5.88,23.05,PASS,
772,-39.9,84.7,124.5,5.91,22.89,PASS,
773,-40.4,84.9,125.3,5.88,22.75,PASS,
774,-40.2,84.8,125.0,5.86,22.88,PASS,
775,-39.8,84.4,124.3,5.88,23.02,PASS,
776,-39.6,84.7,124.3,5.84,22.96,PASS,
777,-40.4,85.1,125.5,5.86,22.95,PASS,
778,-40.0,85.5,125.5,5.9,22.97,PASS,
779,-39.9,85.2,125.2,5.88,23.05,PASS,
780,-39.7,84.0,123.7,5.9,22.93,PASS,
781,-40.1,85.3,125.4,5.84,23.0,PASS,
782,-40.5,84.8,125.2,5.88,22.79,PASS,
783,-39.8,85.2,125.0,5.87,23.32,PASS,
784,-39.7,85.0,124.7,5.9,22.9,PASS,
785,-40.0,84.9,124.9,5.9,22.97,PASS,
786,-39.9,85.0,124.8,5.89,23.03,PASS,
787,-40.1,85.0,125.1,5.91,22.88,PASS,
788,-40.3,85.5,125.8,5.87,22.95,PASS,
789,-39.7,85.0,124.7,5.91,22.95,PASS,
790,-39.9,85.4,125.3,5.86,22.81,PASS,
791,-39.9,85.4,125.2,5.86,23.01,PASS,
792,-39.5,85.3,124.8,5.9,22.7,PASS,
793,-40.3,84.3,124.6,5.85,23.21,PASS,
794,-40.2,85.4,125.6,5.89,23.07,PASS,
795,-40.0,84.8,124.8,5.88,23.05,PASS,
796,-40.2,85.3,125.5,5.9,22.69,PASS,
797,-39.8,84.6,124.4,5.88,22.84,PASS,
798,-40.1,84.5,124.6,5.88,23.17,PASS,
799,-40.3,85.8,126.1,5.89,23.58,PASS,
800,-40.0,84.6,124.6,5.87,23.14,PASS,
801,-39.9,85.5,125.4,5.87,23.12,PASS,
802,-39.7,85.0,124.8,5.89,23.04,PASS,
803,-39.9,84.8,124.7,5.88,22.84,PASS,
804,-39.9,85.0,124.8,5.87,23.11,PASS,
805,-39.9,84.5,124.4,5.88,22.8,PASS,
806,-40.1,85.0,125.1,5.91,22.79,PASS,
807,-40.2,84.6,124.8,5.87,22.78,PASS,
808,-39.9,84.8,124.8,5.87,23.12,PASS,
809,-40.1,85.4,125.5,5.84,22.96,PASS,
810,-39.5,85.1,124.6,5.88,22.99,PASS,
811,-39.6,84.4,124.0,5.89,22.97,PASS,
812,-39.8,85.3,125.2,5.89,22.81,PASS,
813,-39.9,85.0,124.9,5.88,22.87,PASS,
814,-40.0,84.8,124.8,5.9,22.88,PASS,
815,-40.4,85.3,125.7,5.89,22.77,PASS,
816,-40.1,84.9,125.0,5.9,22.9,PASS,
817,-40.0,84.5,124.5,5.9,22.82,PASS,
818,-39.9,85.7,125.7,5.91,23.07,PASS,
819,-39.9,85.0,124.9,5.87,23.08,PASS,
820,-39.7,85.0,124.7,5.85,22.79,PASS,
821,-40.2,84.8,125.0,5.89,22.94,PASS,
822,-40.2,85.5,125.7,5.89,23.26,PASS,
823,-39.6,84.8,124.4,5.91,22.84,PASS,
824,-39.8,84.4,124.2,5.9,23.05,PASS,
825,-40.1,84.7,124.8,5.92,23.01,PASS,
826,-40.0,85.5,125.6,5.89,23.16,PASS,
827,-40.0,85.3,125.4,5.88,23.04,PASS,
828,-40.0,84.9,124.9,5.85,22.93,PASS,
829,-39.9,85.5,125.4,5.88,23.0,PASS,
830,-39.2,85.3,124.5,5.86,23.01,PASS,
831,-39.9,84.9,124.8,5.88,22.98,PASS,
832,-39.8,84.9,124.7,5.88,22.8,PASS,
833,-40.5,85.1,125.6,5.88,23.19,PASS,
834,-40.1,84.7,124.8,5.87,23.16,PASS,
835,-39.6,85.0,124.6,5.89,22.85,PASS,
836,-39.9,85.1,125.0,5.82,22.96,PASS,
837,-41.3,84.3,125.6,5.88,22.97,PASS,
838,-39.8,84.9,124.7,5.9,22.83,PASS,
839,-39.4,84.9,124.3,5.91,22.73,PASS,
840,-40.6,85.4,126.0,5.89,22.91,PASS,
841,-39.5,84.3,123.8,5.91,22.96,PASS,
842,-40.8,84.8,125.7,5.88,22.79,PASS,
843,-39.7,84.8,124.5,5.87,23.04,PASS,
844,-40.0,85.4,125.4,5.88,23.19,PASS,
845,-40.7,85.0,125.7,5.87,23.14,PASS,
846,-39.9,85.7,125.6,5.86,23.0,PASS,
847,-39.7,85.3,124.9,5.86,22.74,PASS,
848,-39.9,84.8,124.7,5.85,23.12,PASS,
849,-39.8,85.1,124.9,5.88,23.04,PASS,
850,-40.1,84.9,125.0,5.87,23.08,PASS,
851,-40.6,85.3,125.9,5.87,23.31,PASS,
852,-39.8,84.5,124.3,5.86,22.9,PASS,
853,-39.5,84.7,124.1,5.88,22.59,PASS,
854,-39.7,85.2,124.8,5.89,22.87,PASS,
855,-40.6,85.5,126.1,5.85,23.1,PASS,
856,-40.5,84.1,124.6,5.85,23.03,PASS,
857,-40.3,85.5,125.8,5.89,22.85,PASS,
858,-40.5,84.9,125.4,5.84,22.82,PASS,
859,-40.0,84.2,124.2,5.88,22.98,PASS,
860,-39.9,83.8,123.7,5.9,22.85,PASS,
861,-40.4,84.4,124.8,5.9,23.11,PASS,
862,-39.8,85.0,124.8,5.89,22.97,PASS,
863,-39.8,85.0,124.8,5.88,22.94,PASS,
864,-40.2,85.3,125.4,5.92,22.92,PASS,
865,-40.1,84.8,124.8,5.82,23.08,PASS,
866,-40.6,84.6,125.1,5.86,23.05,PASS,
867,-40.1,84.8,124.9,5.89,23.07,PASS,
868,-40.0,85.0,125.0,5.86,23.07,PASS,
869,-39.9,85.1,125.0,5.89,23.03,PASS,
870,-39.9,84.7,124.6,5.87,22.89,PASS,
871,-39.9,85.4,125.3,5.87,22.94,PASS,
872,-40.1,84.8,124.8,5.86,22.99,PASS,
873,-39.9,84.7,124.6,5.86,23.36,PASS,
874,-39.7,84.8,124.5,5.86,22.85,PASS,
875,-40.0,85.4,125.5,5.87,22.99,PASS,
876,-39.9,84.9,124.9,5.85,23.07,PASS,
877,-40.1,84.7,124.8,5.89,23.01,PASS,
878,-40.2,85.4,125.6,5.88,23.21,PASS,
879,-39.8,85.9,125.7,5.89,23.01,PASS,
880,-40.2,85.1,125.3,5.85,23.02,PASS,
881,-39.9,85.5,125.4,5.83,23.18,PASS,
882,-40.0,85.4,125.4,5.87,23.33,PASS,
883,-40.1,84.8,124.8,5.93,23.27,PASS,
884,-40.1,85.0,125.1,5.89,23.04,PASS,
885,-40.2,84.5,124.6,5.86,23.05,PASS,
886,-40.5,84.9,125.4,5.88,23.07,PASS,
887,-39.9,84.7,124.6,5.88,23.09,PASS,
888,-39.9,84.8,124.8,5.84,22.94,PASS,
889,-39.7,84.7,124.4,5.89,23.21,PASS,
890,-40.2,84.9,125.0,5.86,23.1,PASS,
891,-39.4,85.2,124.6,5.86,23.06,PASS,
892,-40.1,85.0,125.1,5.87,22.88,PASS,
893,-40.3,84.3,124.5,5.89,23.08,PASS,
894,-40.3,84.7,125.0,5.85,22.79,PASS,
895,-40.5,84.4,124.9,5.83,22.99,PASS,
896,-39.5,85.1,124.6,5.87,22.99,PASS,
897,-39.6,85.2,124.8,5.82,23.12,PASS,
898,-39.8,85.1,124.9,5.86,23.36,PASS,
899,-40.3,84.7,125.0,5.89,23.16,PASS,
900,-39.5,85.1,124.6,5.88,23.3,PASS,
901,-40.1,84.8,124.9,5.89,23.18,PASS,
902,-40.1,84.5,124.6,5.88,23.25,PASS,
903,-39.6,85.3,124.9,5.91,23.36,PASS,
904,-39.8,85.3,125.1,5.85,22.98,PASS,
905,-39.3,85.4,124.7,5.87,22.97,PASS,
906,-39.9,84.8,124.7,5.86,23.19,PASS,
907,-40.1,85.5,125.6,5.88,23.09,PASS,
908,-40.2,84.8,125.0,5.86,23.12,PASS,
909,-40.6,85.3,125.8,5.9,23.05,PASS,
910,-40.1,84.8,124.9,5.85,23.0,PASS,
911,-39.7,84.9,124.6,5.89,23.34,PASS,
912,-39.8,84.0,123.9,5.88,22.93,PASS,
913,-40.0,84.9,124.9,5.86,23.2,PASS,
914,-40.3,85.0,125.3,5.87,23.18,PASS,
915,-39.9,84.8,124.8,5.87,22.86,PASS,
916,-39.7,85.7,125.4,5.87,22.97,PASS,
917,-39.9,84.5,124.4,5.86,23.0,PASS,
918,-39.9,84.8,124.7,5.85,23.19,PASS,
919,-40.2,84.6,124.9,5.86,23.05,PASS,
920,-39.7,84.8,124.5,5.83,23.09,PASS,
921,-40.9,85.4,126.4,5.88,22.89,PASS,
922,-39.9,85.6,125.5,5.84,23.46,PASS,
923,-39.2,84.7,123.9,5.86,23.12,PASS,
924,-40.5,84.7,125.2,5.87,23.18,PASS,
925,-40.1,84.5,124.6,5.88,23.03,PASS,
926,-40.0,85.5,125.5,5.83,23.01,PASS,
927,-40.1,85.4,125.6,5.86,23.4,PASS,
928,-39.7,85.0,124.6,5.87,22.83,PASS,
929,-39.9,84.4,124.3,5.86,23.16,PASS,
930,-40.0,84.5,124.4,5.89,22.93,PASS,
931,-39.8,85.1,124.8,5.84,23.06,PASS,
932,-40.0,85.2,125.2,5.82,23.02,PASS,
933,-39.0,84.2,123.2,5.88,22.97,PASS,
934,-40.0,84.9,124.8,5.85,23.13,PASS,
935,-39.9,85.6,125.6,5.82,22.74,PASS,
936,-40.5,84.9,125.4,5.86,23.08,PASS,
937,-40.2,85.6,125.8,5.88,23.11,PASS,
938,-39.7,85.3,124.9,5.83,22.92,PASS,
939,-40.4,84.6,125.0,5.91,23.35,PASS,
940,-40.6,84.9,125.5,5.84,23.04,PASS,
941,-40.0,84.9,124.9,5.86,23.09,PASS,
942,-39.6,84.6,124.2,5.83,23.04,PASS,
943,-40.0,84.6,124.6,5.86,23.12,PASS,
944,-40.1,85.6,125.7,5.86,23.33,PASS,
945,-40.6,84.6,125.2,5.83,23.5,PASS,
946,-39.9,85.4,125.3,5.91,23.25,PASS,
947,-39.8,84.8,124.6,5.85,23.3,PASS,
948,-40.5,85.0,125.5,5.85,23.4,PASS,
949,-39.7,85.2,124.9,5.88,23.18,PASS,
950,-39.8,84.8,124.5,5.89,23.38,PASS,
951,-39.7,85.2,124.9,5.88,23.26,PASS,
952,-39.8,84.2,124.0,5.83,23.16,PASS,
953,-39.8,85.2,125.0,5.86,23.2,PASS,
954,-39.8,84.0,123.9,5.82,22.87,PASS,
955,-39.7,84.9,124.6,5.87,23.19,PASS,
956,-40.5,85.3,125.9,5.82,22.92,PASS,
957,-40.5,85.2,125.7,5.84,22.9,PASS,
958,-40.2,84.5,124.7,5.86,23.18,PASS,
959,-40.0,84.5,124.6,5.87,22.98,PASS,
960,-39.9,84.7,124.6,5.85,23.15,PASS,
961,-39.9,85.1,125.0,5.89,23.17,PASS,
962,-39.7,84.2,123.9,5.87,23.18,PASS,
963,-39.7,85.0,124.7,5.87,23.02,PASS,
964,-40.3,85.1,125.4,5.83,23.29,PASS,
965,-39.9,84.9,124.8,5.89,23.14,PASS,
966,-40.3,85.2,125.5,5.84,23.23,PASS,
967,-40.1,85.1,125.1,5.89,22.98,PASS,
968,-39.9,84.8,124.7,5.9,23.13,PASS,
969,-41.0,84.2,125.2,5.86,23.33,PASS,
970,-39.3,85.1,124.3,5.88,23.31,PASS,
971,-39.8,84.6,124.4,5.79,23.05,PASS,
972,-40.2,84.8,124.9,5.85,23.08,PASS,
973,-39.4,85.2,124.6,5.88,23.02,PASS,
974,-40.1,85.6,125.7,5.87,23.07,PASS,
975,-40.0,85.0,124.9,5.83,22.96,PASS,
976,-40.1,85.2,125.4,5.85,23.15,PASS,
977,-39.5,84.4,123.9,5.8,23.27,PASS,
978,-40.0,85.1,125.1,5.86,23.06,PASS,
979,-40.0,85.0,124.9,5.82,23.16,PASS,
980,-39.6,85.5,125.1,5.88,23.14,PASS,
981,-39.8,84.8,124.6,5.88,23.34,PASS,
982,-40.0,84.9,124.9,5.84,23.09,PASS,
983,-39.7,85.4,125.1,5.86,23.09,PASS,
984,-39.2,85.0,124.2,5.85,23.05,PASS,
985,-39.9,84.6,124.5,5.86,23.01,PASS,
986,-40.0,86.0,126.0,5.83,23.26,PASS,
987,-39.9,84.6,124.5,5.86,23.16,PASS,
988,-39.6,85.0,124.6,5.82,23.19,PASS,
989,-40.2,85.1,125.3,5.82,23.38,PASS,
990,-40.1,85.1,125.2,5.85,23.39,PASS,
991,-40.5,84.9,125.4,5.85,22.94,PASS,
992,-40.4,84.9,125.3,5.86,23.29,PASS,
993,-40.2,84.9,125.1,5.84,23.23,PASS,
994,-40.0,84.6,124.6,5.89,23.12,PASS,
995,-39.5,85.9,125.3,5.85,23.24,PASS,
996,-39.8,84.9,124.8,5.86,22.94,PASS,
997,-40.3,85.2,125.5,5.85,23.42,PASS,
998,-40.2,84.9,125.1,5.87,23.27,PASS,
999,-39.6,84.9,124.4,5.86,23.07,PASS,
1000,-39.7,84.8,124.5,5.86,23.11,PASS,"1000-cycle inspection: minor surface discoloration on inlet fitting, within spec"
1001,-40.0,84.4,124.4,5.86,22.95,PASS,
1002,-40.1,84.9,125.1,5.81,23.16,PASS,
1003,-39.7,84.8,124.5,5.81,23.13,PASS,
1004,-40.3,85.5,125.8,5.85,23.01,PASS,
1005,-39.9,84.5,124.4,5.85,23.32,PASS,
1006,-39.3,84.8,124.1,5.86,23.4,PASS,
1007,-39.9,84.6,124.6,5.85,23.2,PASS,
1008,-40.2,85.6,125.8,5.86,23.16,PASS,
1009,-39.9,84.7,124.5,5.82,23.28,PASS,
1010,-40.1,85.2,125.4,5.85,23.21,PASS,
1011,-40.4,85.4,125.8,5.82,23.05,PASS,
1012,-39.8,84.9,124.7,5.86,23.12,PASS,
1013,-39.7,84.4,124.1,5.81,23.17,PASS,
1014,-40.1,84.5,124.5,5.85,23.25,PASS,
1015,-40.1,85.3,125.5,5.82,23.22,PASS,
1016,-40.3,84.5,124.8,5.84,23.25,PASS,
1017,-40.0,85.2,125.2,5.87,22.99,PASS,
1018,-40.2,85.0,125.2,5.85,23.32,PASS,
1019,-40.3,85.2,125.5,5.81,23.22,PASS,
1020,-39.4,85.2,124.6,5.83,23.61,PASS,
1021,-39.9,84.6,124.5,5.82,23.17,PASS,
1022,-39.8,84.6,124.4,5.81,23.27,PASS,
1023,-39.7,85.3,125.0,5.85,23.65,PASS,
1024,-39.8,84.7,124.5,5.86,23.26,PASS,
1025,-40.1,83.9,124.0,5.86,23.22,PASS,
1026,-39.9,85.3,125.2,5.86,23.08,PASS,
1027,-40.1,84.6,124.7,5.85,23.46,PASS,
1028,-39.9,85.2,125.1,5.84,23.06,PASS,
1029,-39.9,85.6,125.5,5.82,23.3,PASS,
1030,-40.1,85.0,125.1,5.84,23.16,PASS,
1031,-40.4,85.4,125.8,5.82,23.21,PASS,
1032,-40.0,85.1,125.0,5.83,23.02,PASS,
1033,-40.1,85.6,125.7,5.85,23.44,PASS,
1034,-40.6,84.6,125.1,5.84,23.2,PASS,
1035,-39.8,85.0,124.8,5.91,23.06,PASS,
1036,-39.7,85.3,125.0,5.82,23.43,PASS,
1037,-39.2,84.9,124.2,5.84,23.17,PASS,
1038,-40.1,85.5,125.6,5.82,23.3,PASS,
1039,-40.2,84.8,125.0,5.84,23.37,PASS,
1040,-40.3,85.8,126.2,5.84,23.32,PASS,
1041,-39.9,85.8,125.8,5.86,22.92,PASS,
1042,-39.9,85.1,125.1,5.83,23.35,PASS,
1043,-40.2,85.2,125.5,5.84,23.24,PASS,
1044,-40.1,85.5,125.5,5.83,23.2,PASS,
1045,-40.6,84.5,125.1,5.82,23.24,PASS,
1046,-39.7,84.5,124.2,5.83,23.01,PASS,
1047,-40.2,85.5,125.7,5.84,23.29,PASS,
1048,-40.0,85.1,125.1,5.84,23.05,PASS,
1049,-40.4,84.9,125.3,5.85,23.22,PASS,
1050,-40.2,85.0,125.2,5.84,23.28,PASS,
1051,-40.1,84.0,124.1,5.84,23.42,PASS,
1052,-40.0,84.9,124.9,5.81,23.14,PASS,
1053,-39.9,84.7,124.6,5.85,23.48,PASS,
1054,-39.6,85.4,124.9,5.83,23.41,PASS,
1055,-39.8,85.4,125.2,5.86,23.2,PASS,
1056,-39.7,85.2,124.9,5.87,23.1,PASS,
1057,-39.6,85.2,124.7,5.84,23.05,PASS,
1058,-39.8,84.4,124.2,5.82,23.31,PASS,
1059,-40.0,85.2,125.2,5.84,23.16,PASS,
1060,-39.7,85.3,124.9,5.85,23.45,PASS,
1061,-39.7,85.5,125.2,5.83,23.17,PASS,
1062,-39.8,85.8,125.7,5.83,23.14,PASS,
1063,-40.4,84.3,124.8,5.85,23.31,PASS,
1064,-40.3,84.8,125.1,5.85,23.17,PASS,
1065,-40.1,84.7,124.8,5.83,23.28,PASS,
1066,-39.8,85.1,124.8,5.81,23.43,PASS,
1067,-40.0,85.0,125.0,5.85,23.3,PASS,
1068,-39.7,84.9,124.6,5.82,23.3,PASS,
1069,-39.6,85.4,125.0,5.84,23.31,PASS,
1070,-39.6,84.6,124.2,5.84,23.03,PASS,
1071,-39.6,84.6,124.2,5.8,23.34,PASS,
1072,-40.3,84.6,124.9,5.84,23.31,PASS,
1073,-39.9,84.9,124.7,5.85,23.42,PASS,
1074,-40.2,84.5,124.7,5.85,23.38,PASS,
1075,-40.5,85.0,125.5,5.84,23.26,PASS,
1076,-40.1,84.9,125.0,5.8,23.45,PASS,
1077,-39.6,84.7,124.3,5.86,23.25,PASS,
1078,-39.9,85.3,125.2,5.85,23.33,PASS,
1079,-39.4,85.0,124.4,5.81,23.25,PASS,
1080,-39.9,85.4,125.4,5.82,23.37,PASS,
1081,-39.3,84.9,124.2,5.84,23.24,PASS,
1082,-39.9,85.0,124.9,5.85,23.55,PASS,
1083,-40.0,84.8,124.8,5.83,23.6,PASS,
1084,-40.4,85.0,125.4,5.85,23.43,PASS,
1085,-39.7,85.3,125.0,5.8,23.53,PASS,
1086,-40.2,84.8,125.0,5.82,23.07,PASS,
1087,-40.2,85.2,125.4,5.8,23.09,PASS,
1088,-39.6,84.7,124.3,5.82,23.26,PASS,
1089,-39.7,85.3,125.0,5.87,23.31,PASS,
1090,-39.7,84.8,124.4,5.88,23.28,PASS,
1091,-40.1,85.3,125.4,5.84,23.06,PASS,
1092,-40.0,85.0,125.0,5.82,23.48,PASS,
1093,-40.0,85.6,125.6,5.83,23.63,PASS,
1094,-39.8,84.5,124.3,5.85,23.5,PASS,
1095,-39.5,84.4,123.9,5.8,23.48,PASS,
1096,-39.9,84.8,124.6,5.82,23.35,PASS,
1097,-39.4,84.4,123.9,5.86,23.19,PASS,
1098,-39.7,84.4,124.2,5.81,23.33,PASS,
1099,-40.1,85.2,125.3,5.82,23.63,PASS,
1100,-39.8,85.0,124.7,5.84,23.27,PASS,
1101,-39.5,84.8,124.3,5.84,23.25,PASS,
1102,-39.4,84.8,124.2,5.82,23.49,PASS,
1103,-39.6,84.8,124.4,5.84,23.5,PASS,
1104,-40.0,85.7,125.7,5.85,23.2,PASS,
1105,-40.1,84.7,124.8,5.87,23.29,PASS,
1106,-39.8,84.5,124.3,5.83,23.25,PASS,
1107,-39.5,85.3,124.8,5.83,23.34,PASS,
1108,-39.9,84.9,124.8,5.86,23.5,PASS,
1109,-39.9,85.8,125.7,5.82,23.21,PASS,
1110,-40.0,84.8,124.8,5.81,23.5,PASS,
1111,-40.1,85.3,125.4,5.84,23.35,PASS,
1112,-40.0,85.4,125.5,5.85,23.68,PASS,
1113,-40.0,84.8,124.8,5.84,23.38,PASS,
1114,-39.5,84.7,124.2,5.83,23.32,PASS,
1115,-40.1,85.3,125.4,5.8,23.42,PASS,
1116,-40.0,85.2,125.2,5.83,23.29,PASS,
1117,-40.3,84.4,124.7,5.86,23.07,PASS,
1118,-39.8,84.5,124.3,5.81,23.31,PASS,
1119,-39.6,84.0,123.6,5.83,23.3,PASS,
1120,-39.5,85.2,124.8,5.82,23.11,PASS,
1121,-39.9,84.9,124.8,5.82,23.33,PASS,
1122,-39.8,84.9,124.8,5.84,23.04,PASS,
1123,-40.0,84.3,124.4,5.84,23.3,PASS,
1124,-39.8,84.6,124.4,5.84,23.39,PASS,
1125,-39.9,84.8,124.7,5.81,23.36,PASS,
1126,-40.0,84.7,124.7,5.8,23.29,PASS,
1127,-40.0,85.0,125.0,5.84,23.34,PASS,
1128,-39.9,85.2,125.1,5.82,23.24,PASS,
1129,-40.1,85.9,126.0,5.87,23.36,PASS,
1130,-40.1,85.0,125.1,5.87,23.36,PASS,
1131,-39.5,85.4,124.9,5.87,23.22,PASS,
1132,-39.2,84.7,123.9,5.81,23.4,PASS,
1133,-40.4,84.3,124.7,5.84,23.4,PASS,
1134,-40.4,84.9,125.2,5.85,23.34,PASS,
1135,-40.3,84.4,124.6,5.84,23.73,PASS,
1136,-40.0,85.0,125.0,5.82,23.34,PASS,
1137,-39.7,84.7,124.4,5.86,23.32,PASS,
1138,-39.8,84.2,124.0,5.83,23.3,PASS,
1139,-39.9,85.7,125.6,5.83,23.22,PASS,
1140,-39.8,84.8,124.6,5.8,23.47,PASS,
1141,-40.2,84.3,124.6,5.84,23.27,PASS,
1142,-40.1,85.4,125.4,5.82,23.29,PASS,
1143,-40.0,84.7,124.7,5.84,23.29,PASS,
1144,-40.5,85.4,125.9,5.83,23.23,PASS,
1145,-40.3,84.7,125.1,5.83,23.11,PASS,
1146,-40.3,84.8,125.1,5.83,23.31,PASS,
1147,-39.8,85.1,124.9,5.84,23.51,PASS,
1148,-39.9,85.2,125.2,5.82,23.41,PASS,
1149,-39.8,85.3,125.1,5.8,23.61,PASS,
1150,-40.6,85.0,125.5,5.84,23.49,PASS,
1151,-40.4,85.2,125.7,5.81,23.46,PASS,
1152,-39.8,85.3,125.1,5.8,23.66,PASS,
1153,-40.8,85.1,125.9,5.81,23.37,PASS,
1154,-39.6,84.9,124.6,5.83,23.39,PASS,
1155,-40.5,84.4,125.0,5.82,23.38,PASS,
1156,-39.7,85.2,125.0,5.78,23.62,PASS,
1157,-40.3,85.0,125.3,5.82,23.39,PASS,
1158,-39.7,84.8,124.5,5.85,23.29,PASS,
1159,-39.0,85.5,124.5,5.82,23.48,PASS,
1160,-40.7,84.4,125.1,5.82,23.27,PASS,
1161,-39.8,85.7,125.4,5.85,23.47,PASS,
1162,-40.5,85.0,125.5,5.84,23.46,PASS,
1163,-39.9,85.1,125.0,5.85,23.37,PASS,
1164,-40.1,84.8,124.9,5.77,23.48,PASS,
1165,-40.0,84.3,124.3,5.86,23.17,PASS,
1166,-40.3,84.9,125.2,5.84,23.42,PASS,
1167,-39.8,85.1,124.9,5.87,23.33,PASS,
1168,-40.4,85.3,125.7,5.81,23.83,PASS,
1169,-39.6,84.9,124.5,5.79,23.43,PASS,
1170,-40.1,84.1,124.2,5.82,23.31,PASS,
1171,-40.4,84.4,124.8,5.82,23.2,PASS,
1172,-39.5,85.8,125.3,5.84,23.6,PASS,
1173,-40.0,84.6,124.6,5.85,23.36,PASS,
1174,-39.4,85.6,125.0,5.82,23.29,PASS,
1175,-39.6,84.6,124.3,5.82,23.46,PASS,
1176,-40.2,84.9,125.2,5.83,23.51,PASS,
1177,-40.0,85.3,125.3,5.82,23.51,PASS,
1178,-40.0,84.7,124.6,5.82,23.42,PASS,
1179,-39.5,85.6,125.2,5.84,23.44,PASS,
1180,-39.9,85.0,124.9,5.85,23.45,PASS,
1181,-39.9,85.2,125.1,5.84,23.47,PASS,
1182,-40.1,84.9,125.0,5.82,23.48,PASS,
1183,-40.0,85.3,125.3,5.78,23.58,PASS,
1184,-39.6,85.6,125.2,5.82,23.43,PASS,
1185,-40.0,84.9,124.9,5.81,23.3,PASS,
1186,-40.1,85.7,125.8,5.82,23.4,PASS,
1187,-40.2,84.8,124.9,5.81,23.54,PASS,
1188,-40.2,85.3,125.5,5.82,23.16,PASS,
1189,-40.4,85.2,125.6,5.8,23.16,PASS,
1190,-40.2,84.6,124.8,5.8,23.57,PASS,
1191,-39.6,85.1,124.6,5.85,23.66,PASS,
1192,-40.1,85.0,125.1,5.8,23.24,PASS,
1193,-39.8,84.7,124.4,5.82,23.45,PASS,
1194,-40.7,85.1,125.9,5.84,23.37,PASS,
1195,-39.8,85.1,124.9,5.84,23.39,PASS,
1196,-40.0,85.0,125.0,5.84,23.48,PASS,
1197,-40.1,85.0,125.1,5.83,23.24,PASS,
1198,-39.9,85.0,124.9,5.83,23.27,PASS,
1199,-40.1,84.9,125.0,5.85,23.39,PASS,
1200,-40.6,85.1,125.7,5.83,23.42,PASS,
1201,-39.7,84.7,124.5,5.78,23.27,PASS,
1202,-39.9,86.1,126.0,5.81,23.56,PASS,
1203,-40.1,84.4,124.5,5.83,23.38,PASS,
1204,-40.3,84.8,125.1,5.81,23.38,PASS,
1205,-40.4,84.8,125.2,5.85,23.49,PASS,
1206,-39.9,85.8,125.7,5.82,23.43,PASS,
1207,-39.5,84.5,124.0,5.82,23.57,PASS,
1208,-39.9,85.2,125.1,5.84,23.31,PASS,
1209,-40.4,85.1,125.5,5.81,23.24,PASS,
1210,-39.9,85.1,125.1,5.82,23.41,PASS,
1211,-40.0,85.5,125.5,5.84,23.46,PASS,
1212,-39.7,85.5,125.2,5.79,23.27,PASS,
1213,-39.8,84.8,124.6,5.81,23.25,PASS,
1214,-40.9,85.1,126.0,5.83,23.48,PASS,
1215,-39.8,84.3,124.1,5.82,23.34,PASS,
1216,-40.3,85.0,125.3,5.85,23.24,PASS,
1217,-40.4,84.7,125.1,5.79,23.61,PASS,
1218,-40.1,84.9,125.0,5.78,23.37,PASS,
1219,-39.9,84.3,124.2,5.83,23.64,PASS,
1220,-40.5,85.2,125.7,5.83,23.47,PASS,
1221,-39.8,84.3,124.1,5.81,23.51,PASS,
1222,-39.8,85.1,124.8,5.82,23.43,PASS,
1223,-40.0,84.5,124.5,5.83,23.07,PASS,
1224,-40.3,84.7,124.9,5.8,23.3,PASS,
1225,-40.3,85.5,125.8,5.8,23.45,PASS,
1226,-39.7,85.2,124.9,5.82,23.53,PASS,
1227,-40.5,85.5,125.9,5.83,23.2,PASS,
1228,-39.7,85.6,125.3,5.79,23.47,PASS,
1229,-40.0,84.7,124.7,5.81,23.31,PASS,
1230,-40.0,85.6,125.6,5.81,23.51,PASS,
1231,-40.5,84.4,124.9,5.82,23.47,PASS,
1232,-40.0,85.3,125.3,5.82,23.59,PASS,
1233,-39.8,84.8,124.6,5.8,23.64,PASS,
1234,-40.4,84.6,125.0,5.84,23.55,PASS,
1235,-39.9,85.2,125.1,5.8,23.61,PASS,
1236,-40.0,85.4,125.4,5.81,23.43,PASS,
1237,-40.2,85.4,125.6,5.78,23.91,PASS,
1238,-39.7,85.1,124.8,5.8,23.3,PASS,
1239,-40.7,85.1,125.7,5.82,23.41,PASS,
1240,-39.9,85.2,125.1,5.82,23.62,PASS,
1241,-39.5,85.1,124.6,5.83,23.6,PASS,
1242,-39.6,85.2,124.8,5.82,23.56,PASS,
1243,-39.9,85.1,125.0,5.86,23.59,PASS,
1244,-40.1,85.3,125.4,5.8,23.18,PASS,
1245,-40.2,84.3,124.5,5.78,23.73,PASS,
1246,-40.1,84.9,125.0,5.79,23.46,PASS,
1247,-39.8,84.4,124.3,5.8,23.68,PASS,
1248,-40.2,85.1,125.4,5.79,23.19,PASS,
1249,-39.8,85.7,125.4,5.81,23.54,PASS,
1250,-39.4,84.8,124.2,5.84,23.42,PASS,1250-cycle periodic check: nominal
1251,-40.0,85.1,125.1,5.84,23.59,PASS,
1252,-40.4,85.3,125.7,5.82,23.55,PASS,
1253,-40.4,84.2,124.6,5.85,23.56,PASS,
1254,-39.8,84.8,124.6,5.8,23.35,PASS,
1255,-40.0,85.1,125.2,5.78,23.5,PASS,
1256,-39.7,83.8,123.6,5.83,23.48,PASS,
1257,-40.2,84.6,124.8,5.77,23.58,PASS,
1258,-39.8,85.4,125.2,5.8,23.66,PASS,
1259,-40.0,85.4,125.4,5.82,23.53,PASS,
1260,-40.2,85.1,125.4,5.81,23.32,PASS,
1261,-40.1,85.4,125.5,5.81,23.53,PASS,
1262,-40.4,85.1,125.4,5.79,23.91,PASS,
1263,-39.4,85.2,124.6,5.81,23.76,PASS,
1264,-40.0,84.9,124.9,5.83,23.07,PASS,
1265,-39.8,85.0,124.9,5.81,23.53,PASS,
1266,-40.2,84.7,124.9,5.79,23.66,PASS,
1267,-40.3,85.5,125.8,5.78,23.49,PASS,
1268,-40.1,85.6,125.7,5.79,23.45,PASS,
1269,-39.7,85.6,125.2,5.82,23.48,PASS,
1270,-40.2,84.8,125.0,5.82,23.61,PASS,
1271,-40.3,84.6,124.9,5.79,23.35,PASS,
1272,-40.0,85.5,125.5,5.76,23.7,PASS,
1273,-39.9,85.2,125.1,5.82,23.52,PASS,
1274,-39.5,85.1,124.6,5.79,23.39,PASS,
1275,-39.9,84.7,124.6,5.82,23.7,PASS,
1276,-39.8,85.2,125.0,5.79,23.3,PASS,
1277,-39.8,84.6,124.4,5.79,23.45,PASS,
1278,-40.3,85.3,125.6,5.81,23.45,PASS,
1279,-40.3,85.6,125.8,5.86,23.86,PASS,
1280,-40.3,85.7,126.0,5.82,23.43,PASS,
1281,-40.4,85.3,125.7,5.81,23.21,PASS,
1282,-39.8,84.4,124.2,5.81,23.45,PASS,
1283,-39.9,85.1,125.0,5.77,23.61,PASS,
1284,-40.0,85.9,125.8,5.78,23.66,PASS,
1285,-40.8,84.7,125.4,5.76,23.88,PASS,
1286,-39.4,85.0,124.4,5.84,23.75,PASS,
1287,-40.3,85.6,125.8,5.84,23.57,PASS,
1288,-39.4,85.2,124.6,5.81,23.41,PASS,
1289,-40.4,86.0,126.4,5.81,23.79,PASS,
1290,-40.2,84.7,125.0,5.78,23.49,PASS,
1291,-40.7,84.6,125.3,5.8,23.45,PASS,
1292,-39.9,85.5,125.4,5.84,23.49,PASS,
1293,-40.3,84.5,124.9,5.81,23.36,PASS,
1294,-40.3,84.9,125.2,5.79,23.48,PASS,
1295,-40.4,85.0,125.4,5.77,23.52,PASS,
1296,-39.8,85.4,125.2,5.83,23.66,PASS,
1297,-39.8,85.2,125.0,5.8,23.5,PASS,
1298,-39.5,85.2,124.6,5.77,23.37,PASS,
1299,-40.2,84.8,125.0,5.79,23.32,PASS,
1300,-39.9,85.5,125.4,5.78,23.59,PASS,
1301,-40.4,86.6,127.0,5.8,23.57,PASS,
1302,-40.1,85.3,125.4,5.81,23.48,PASS,
1303,-40.2,85.0,125.2,5.79,23.49,PASS,
1304,-39.9,84.5,124.3,5.82,23.62,PASS,
1305,-39.7,84.7,124.4,5.81,23.77,PASS,
1306,-39.7,84.9,124.6,5.83,23.45,PASS,
1307,-40.3,84.8,125.0,5.8,23.58,PASS,
1308,-39.7,85.0,124.7,5.86,23.71,PASS,
1309,-40.0,85.7,125.7,5.79,23.45,PASS,
1310,-40.1,85.5,125.6,5.79,23.57,PASS,
1311,-40.2,84.9,125.1,5.78,23.57,PASS,
1312,-40.2,84.5,124.7,5.8,23.38,PASS,
1313,-39.5,85.5,125.0,5.77,23.6,PASS,
1314,-39.9,85.0,124.9,5.81,23.58,PASS,
1315,-39.9,84.3,124.3,5.76,23.66,PASS,
1316,-40.1,85.3,125.4,5.81,23.4,PASS,
1317,-39.3,85.4,124.7,5.78,23.58,PASS,
1318,-39.6,84.0,123.6,5.79,23.79,PASS,
1319,-40.2,84.7,124.9,5.81,23.89,PASS,
1320,-40.1,85.0,125.0,5.85,23.78,PASS,
1321,-40.1,85.3,125.4,5.78,23.41,PASS,
1322,-40.0,84.8,124.7,5.8,23.65,PASS,
1323,-40.2,84.7,124.9,5.79,23.52,PASS,
1324,-39.9,85.3,125.2,5.78,23.63,PASS,
1325,-39.6,84.8,124.4,5.79,23.47,PASS,
1326,-40.4,85.2,125.6,5.82,23.33,PASS,
1327,-40.3,84.6,124.9,5.79,23.54,PASS,
1328,-40.1,84.5,124.6,5.85,23.7,PASS,
1329,-40.1,85.3,125.4,5.81,23.64,PASS,
1330,-39.4,85.1,124.5,5.78,23.66,PASS,
1331,-39.7,85.4,125.1,5.79,23.63,PASS,
1332,-39.7,84.8,124.5,5.78,23.66,PASS,
1333,-40.1,84.7,124.8,5.82,23.68,PASS,
1334,-40.1,85.5,125.6,5.77,23.56,PASS,
1335,-40.4,84.4,124.8,5.77,23.61,PASS,
1336,-39.8,85.5,125.3,5.79,23.86,PASS,
1337,-39.9,85.5,125.4,5.81,23.63,PASS,
1338,-39.6,85.3,125.0,5.82,23.61,PASS,
1339,-40.1,84.7,124.8,5.83,23.62,PASS,
1340,-40.0,84.7,124.7,5.81,23.58,PASS,
1341,-39.9,84.9,124.9,5.8,23.54,PASS,
1342,-39.7,84.5,124.2,5.81,23.64,PASS,
1343,-40.4,84.6,125.1,5.78,23.54,PASS,
1344,-39.8,85.3,125.0,5.76,23.59,PASS,
1345,-40.0,85.3,125.3,5.81,23.5,PASS,
1346,-40.3,84.6,124.9,5.78,23.63,PASS,
1347,-40.6,85.3,125.9,5.8,23.7,PASS,
1348,-40.0,85.2,125.2,5.8,23.59,PASS,
1349,-39.6,85.6,125.2,5.8,23.32,PASS,
1350,-39.5,85.2,124.7,5.82,23.71,PASS,
1351,-39.9,85.4,125.3,5.81,23.64,PASS,
1352,-39.4,85.2,124.6,5.8,23.47,PASS,
1353,-40.0,85.4,125.4,5.79,23.74,PASS,
1354,-39.7,84.5,124.2,5.8,23.42,PASS,
1355,-40.1,85.0,125.1,5.78,23.78,PASS,
1356,-40.2,85.0,125.1,5.79,23.62,PASS,
1357,-40.2,84.9,125.1,5.85,23.29,PASS,
1358,-40.6,85.2,125.8,5.8,23.66,PASS,
1359,-39.6,85.3,124.9,5.81,23.57,PASS,
1360,-40.2,85.2,125.3,5.78,23.55,PASS,
1361,-40.2,84.9,125.2,5.82,23.52,PASS,
1362,-40.4,84.7,125.1,5.81,23.62,PASS,
1363,-40.1,85.4,125.5,5.81,23.56,PASS,
1364,-39.5,85.1,124.6,5.8,23.36,PASS,
1365,-39.4,84.6,124.0,5.82,23.83,PASS,
1366,-40.5,84.9,125.4,5.82,23.6,PASS,
1367,-40.1,84.3,124.4,5.8,23.53,PASS,
1368,-40.3,85.0,125.3,5.79,23.47,PASS,
1369,-39.7,84.9,124.6,5.81,23.76,PASS,
1370,-39.9,84.8,124.7,5.78,23.45,PASS,
1371,-40.2,85.6,125.8,5.78,23.67,PASS,
1372,-40.0,84.5,124.5,5.79,23.56,PASS,
1373,-40.1,85.3,125.4,5.76,23.57,PASS,
1374,-39.5,85.9,125.4,5.81,23.48,PASS,
1375,-39.8,85.4,125.3,5.77,23.56,PASS,
1376,-39.8,85.0,124.8,5.78,23.65,PASS,
1377,-40.8,84.5,125.3,5.79,23.69,PASS,
1378,-40.0,84.5,124.5,5.79,23.54,PASS,
1379,-39.4,84.8,124.2,5.79,23.64,PASS,
1380,-39.6,84.7,124.3,5.79,23.79,PASS,
1381,-40.6,84.7,125.3,5.79,23.41,PASS,
1382,-40.1,84.9,125.0,5.78,23.66,PASS,
1383,-40.4,85.0,125.3,5.78,23.52,PASS,
1384,-39.5,85.2,124.7,5.81,23.5,PASS,
1385,-39.9,84.5,124.4,5.75,23.7,PASS,
1386,-40.2,84.7,125.0,5.79,23.58,PASS,
1387,-40.0,84.9,124.9,5.78,23.48,PASS,
1388,-40.8,84.9,125.7,5.8,23.86,PASS,
1389,-40.3,85.7,126.1,5.76,23.8,PASS,
1390,-40.0,85.1,125.1,5.78,23.38,PASS,
1391,-39.7,84.4,124.1,5.79,23.45,PASS,
1392,-40.6,85.2,125.7,5.81,23.76,PASS,
1393,-40.1,85.2,125.3,5.8,23.63,PASS,
1394,-39.7,84.9,124.6,5.77,23.9,PASS,
1395,-40.4,84.5,125.0,5.78,23.77,PASS,
1396,-39.9,85.7,125.6,5.81,23.72,PASS,
1397,-40.0,84.6,124.6,5.77,23.52,PASS,
1398,-39.5,85.3,124.7,5.79,23.75,PASS,
1399,-40.1,85.1,125.1,5.79,23.49,PASS,
1400,-40.1,85.2,125.3,5.78,23.88,PASS,
1401,-39.7,85.7,125.4,5.84,23.74,PASS,
1402,-40.4,85.2,125.6,5.78,23.56,PASS,
1403,-40.1,84.8,124.8,5.8,23.8,PASS,
1404,-40.1,85.4,125.6,5.77,24.02,PASS,
1405,-40.0,84.7,124.8,5.8,23.65,PASS,
1406,-39.7,85.1,124.8,5.81,23.77,PASS,
1407,-39.8,84.5,124.3,5.78,23.62,PASS,
1408,-40.2,84.6,124.8,5.79,23.7,PASS,
1409,-40.0,85.0,125.0,5.77,23.46,PASS,
1410,-39.6,85.1,124.7,5.77,23.69,PASS,
1411,-40.2,84.3,124.6,5.81,23.7,PASS,
1412,-40.0,85.2,125.2,5.78,23.96,PASS,
1413,-40.1,84.7,124.7,5.74,23.43,PASS,
1414,-40.0,85.5,125.5,5.82,23.65,PASS,
1415,-40.5,84.9,125.3,5.77,23.89,PASS,
1416,-39.6,84.6,124.1,5.78,23.66,PASS,
1417,-40.2,85.0,125.3,5.82,23.67,PASS,
1418,-39.7,84.6,124.3,5.78,23.58,PASS,
1419,-40.2,85.5,125.7,5.78,23.56,PASS,
1420,-40.2,85.0,125.2,5.76,23.43,PASS,
1421,-39.6,84.9,124.6,5.75,23.61,PASS,
1422,-39.7,85.2,124.9,5.78,23.56,PASS,
1423,-39.9,84.6,124.5,5.79,23.73,PASS,
1424,-39.8,84.5,124.3,5.79,23.59,PASS,
1425,-40.1,85.2,125.2,5.78,23.64,PASS,
1426,-40.0,84.6,124.6,5.79,23.64,PASS,
1427,-40.2,84.6,124.8,5.75,23.71,PASS,
1428,-39.7,85.3,125.1,5.8,23.63,PASS,
1429,-40.2,85.2,125.4,5.79,23.56,PASS,
1430,-39.6,84.5,124.1,5.82,23.73,PASS,
1431,-40.1,84.8,124.8,5.79,23.88,PASS,
1432,-40.0,84.6,124.6,5.77,23.74,PASS,
1433,-39.8,85.7,125.5,5.78,23.63,PASS,
1434,-40.0,85.4,125.4,5.78,23.7,PASS,
1435,-40.1,84.8,124.9,5.79,23.41,PASS,
1436,-40.0,85.2,125.2,5.79,23.7,PASS,
1437,-39.7,84.5,124.2,5.76,23.66,PASS,
1438,-40.2,84.7,124.9,5.75,23.59,PASS,
1439,-40.0,85.0,125.1,5.79,23.61,PASS,
1440,-40.0,85.2,125.2,5.81,23.67,PASS,
1441,-39.7,85.0,124.7,5.79,23.88,PASS,
1442,-40.0,85.1,125.1,5.8,23.89,PASS,
1443,-39.5,85.0,124.5,5.8,23.59,PASS,
1444,-40.0,84.9,125.0,5.79,23.66,PASS,
1445,-40.1,84.9,125.0,5.77,23.66,PASS,
1446,-40.1,84.8,124.9,5.79,23.86,PASS,
1447,-40.4,85.1,125.5,5.81,23.76,PASS,
1448,-40.3,85.2,125.5,5.79,23.75,PASS,
1449,-40.2,85.1,125.2,5.8,23.82,PASS,
1450,-39.7,84.5,124.2,5.77,23.65,PASS,
1451,-40.0,84.6,124.6,5.78,23.95,PASS,
1452,-40.1,85.2,125.3,5.78,23.74,PASS,
1453,-39.6,85.6,125.2,5.78,23.62,PASS,
1454,-39.5,85.1,124.6,5.81,23.71,PASS,
1455,-39.6,84.8,124.5,5.73,23.93,PASS,
1456,-40.3,85.1,125.3,5.78,23.68,PASS,
1457,-40.1,84.5,124.7,5.78,23.89,PASS,
1458,-39.5,85.5,125.0,5.75,23.66,PASS,
1459,-39.9,85.1,125.0,5.79,23.64,PASS,
1460,-40.1,84.7,124.8,5.77,23.85,PASS,
1461,-39.8,84.9,124.7,5.77,23.62,PASS,
1462,-39.7,84.8,124.5,5.82,23.88,PASS,
1463,-40.2,85.5,125.7,5.8,23.81,PASS,
1464,-39.9,84.9,124.9,5.79,23.63,PASS,
1465,-39.7,85.1,124.8,5.79,23.75,PASS,
1466,-40.3,85.2,125.6,5.78,23.68,PASS,
1467,-40.0,84.7,124.7,5.82,23.81,PASS,
1468,-40.3,85.1,125.4,5.8,24.04,PASS,
1469,-40.3,85.1,125.4,5.76,23.71,PASS,
1470,-40.2,84.4,124.5,5.75,23.84,PASS,
1471,-39.9,85.1,125.0,5.79,23.77,PASS,
1472,-40.1,85.0,125.1,5.78,23.77,PASS,
1473,-40.2,85.1,125.2,5.75,23.74,PASS,
1474,-40.0,85.0,125.0,5.79,23.64,PASS,
1475,-40.3,85.1,125.4,5.77,23.82,PASS,
1476,-39.9,85.5,125.4,5.79,23.73,PASS,
1477,-39.7,84.5,124.2,5.79,23.64,PASS,
1478,-40.0,84.9,124.9,5.77,23.93,PASS,
1479,-40.1,85.3,125.3,5.79,23.79,PASS,
1480,-39.9,85.2,125.1,5.77,23.74,PASS,
1481,-40.6,85.2,125.8,5.77,23.98,PASS,
1482,-39.8,86.1,125.9,5.77,23.5,PASS,
1483,-39.1,85.2,124.3,5.8,23.97,PASS,
1484,-40.0,85.5,125.5,5.77,23.65,PASS,
1485,-40.0,84.9,124.9,5.8,23.81,PASS,
1486,-39.8,84.6,124.4,5.81,23.69,PASS,
1487,-39.5,84.9,124.4,5.76,23.65,PASS,
1488,-39.7,85.3,125.0,5.72,23.98,PASS,
1489,-40.6,85.2,125.8,5.8,24.07,PASS,
1490,-39.8,85.2,125.0,5.77,23.75,PASS,
1491,-39.2,84.9,124.1,5.76,23.84,PASS,
1492,-39.8,84.9,124.7,5.76,23.8,PASS,
1493,-40.3,84.9,125.3,5.77,24.05,PASS,
1494,-39.9,85.3,125.2,5.8,23.48,PASS,
1495,-40.4,85.3,125.7,5.78,23.85,PASS,
1496,-39.6,84.6,124.2,5.8,23.69,PASS,
1497,-40.3,85.3,125.6,5.79,23.44,PASS,
1498,-40.0,84.7,124.7,5.77,23.74,PASS,
1499,-40.3,85.2,125.4,5.77,24.08,PASS,
1500,-40.2,84.9,125.1,5.79,23.7,PASS,"1500-cycle inspection: slight sealant creep observed at gasket edge, within tolerance"
1501,-39.6,85.6,125.2,5.79,23.92,PASS,
1502,-40.0,84.8,124.8,5.79,23.98,PASS,
1503,-40.2,85.1,125.2,5.77,23.8,PASS,
1504,-40.3,85.2,125.6,5.78,23.82,PASS,
1505,-40.6,84.7,125.2,5.79,23.55,PASS,
1506,-40.4,85.0,125.3,5.77,23.7,PASS,
1507,-40.0,84.9,124.9,5.75,23.94,PASS,
1508,-39.7,84.8,124.5,5.76,23.82,PASS,
1509,-40.2,84.8,125.0,5.77,23.87,PASS,
1510,-39.5,85.4,125.0,5.79,23.83,PASS,
1511,-40.2,84.8,125.0,5.8,24.14,PASS,
1512,-40.1,85.2,125.3,5.75,23.75,PASS,
1513,-40.3,85.1,125.4,5.76,24.06,PASS,
1514,-39.7,84.4,124.1,5.77,23.84,PASS,
1515,-39.4,85.2,124.6,5.79,24.07,PASS,
1516,-40.5,84.4,125.0,5.76,23.64,PASS,
1517,-40.1,85.3,125.4,5.76,23.85,PASS,
1518,-39.6,84.8,124.4,5.74,23.76,PASS,
1519,-40.4,85.0,125.4,5.78,23.84,PASS,
1520,-39.8,84.5,124.3,5.77,24.01,PASS,
1521,-39.6,85.0,124.7,5.76,23.88,PASS,
1522,-40.0,85.4,125.3,5.77,24.01,PASS,
1523,-39.8,84.7,124.5,5.79,23.73,PASS,
1524,-39.5,84.8,124.2,5.75,23.71,PASS,
1525,-39.4,85.2,124.6,5.75,23.83,PASS,
1526,-40.0,85.2,125.2,5.8,23.83,PASS,
1527,-40.2,84.0,124.2,5.77,23.8,PASS,
1528,-40.3,85.8,126.1,5.78,23.69,PASS,
1529,-39.7,85.2,124.9,5.78,24.01,PASS,
1530,-40.4,85.3,125.7,5.77,23.78,PASS,
1531,-40.1,84.9,125.0,5.76,24.05,PASS,
1532,-40.0,84.3,124.2,5.79,23.84,PASS,
1533,-40.2,85.3,125.4,5.79,23.94,PASS,
1534,-39.9,84.8,124.7,5.79,23.92,PASS,
1535,-39.2,85.2,124.4,5.75,23.72,PASS,
1536,-40.0,84.9,124.9,5.8,23.9,PASS,
1537,-40.1,85.1,125.2,5.76,24.13,PASS,
1538,-39.7,84.7,124.4,5.75,23.88,PASS,
1539,-39.9,85.3,125.3,5.77,23.98,PASS,
1540,-39.6,84.5,124.1,5.79,23.95,PASS,
1541,-40.0,85.9,125.8,5.78,23.9,PASS,
1542,-40.1,85.9,126.0,5.76,23.88,PASS,
1543,-40.5,85.7,126.2,5.79,23.93,PASS,
1544,-40.5,85.5,126.0,5.77,23.97,PASS,
1545,-40.6,85.0,125.5,5.76,23.65,PASS,
1546,-39.9,85.5,125.4,5.75,23.89,PASS,
1547,-40.4,85.0,125.4,5.78,23.83,PASS,
1548,-39.6,84.4,124.0,5.77,23.8,PASS,
1549,-40.0,85.6,125.6,5.74,24.05,PASS,
1550,-40.1,85.5,125.5,5.78,23.75,PASS,
1551,-40.3,85.0,125.2,5.76,23.65,PASS,
1552,-39.8,84.5,124.3,5.8,23.98,PASS,
1553,-40.2,84.8,125.0,5.74,23.65,PASS,
1554,-40.3,84.3,124.6,5.76,23.58,PASS,
1555,-39.6,85.4,125.0,5.75,24.0,PASS,
1556,-39.9,84.4,124.3,5.75,23.89,PASS,
1557,-40.1,85.1,125.2,5.76,23.94,PASS,
1558,-39.8,84.7,124.5,5.8,23.8,PASS,
1559,-40.0,84.4,124.4,5.77,23.66,PASS,
1560,-39.9,85.1,125.0,5.75,23.69,PASS,
1561,-40.2,84.9,125.1,5.73,23.83,PASS,
1562,-39.4,85.3,124.7,5.73,23.68,PASS,
1563,-40.2,84.5,124.7,5.75,23.92,PASS,
1564,-39.5,84.7,124.2,5.75,23.81,PASS,
1565,-40.1,84.0,124.1,5.76,23.91,PASS,
1566,-39.8,84.1,123.9,5.72,23.9,PASS,
1567,-39.8,85.7,125.5,5.76,23.94,PASS,
1568,-39.7,85.8,125.5,5.79,23.96,PASS,
1569,-40.3,85.0,125.3,5.8,23.83,PASS,
1570,-39.7,84.7,124.3,5.73,23.91,PASS,
1571,-39.4,84.9,124.3,5.75,23.92,PASS,
1572,-40.1,85.3,125.4,5.75,23.52,PASS,
1573,-40.0,84.8,124.8,5.77,23.98,PASS,
1574,-40.2,85.1,125.3,5.74,23.91,PASS,
1575,-40.1,85.0,125.1,5.8,23.97,PASS,
1576,-39.5,84.8,124.3,5.76,23.7,PASS,
1577,-40.3,84.8,125.1,5.76,23.85,PASS,
1578,-40.3,85.1,125.4,5.8,23.73,PASS,
1579,-39.5,84.6,124.1,5.76,24.01,PASS,
1580,-39.8,85.2,125.0,5.77,23.69,PASS,
1581,-39.4,84.8,124.2,5.75,23.76,PASS,
1582,-40.1,85.1,125.2,5.74,23.98,PASS,
1583,-40.0,85.6,125.5,5.75,23.81,PASS,
1584,-40.2,84.9,125.1,5.81,23.76,PASS,
1585,-40.0,85.4,125.3,5.77,24.04,PASS,
1586,-40.5,84.3,124.8,5.77,24.05,PASS,
1587,-39.8,84.8,124.6,5.74,24.01,PASS,
1588,-39.9,85.0,124.9,5.78,24.03,PASS,
1589,-40.0,85.8,125.8,5.73,23.87,PASS,
1590,-40.1,84.2,124.3,5.73,23.88,PASS,
1591,-40.3,85.0,125.2,5.75,23.81,PASS,
1592,-39.8,85.6,125.4,5.8,23.94,PASS,
1593,-40.4,84.7,125.0,5.8,23.83,PASS,
1594,-39.8,84.9,124.8,5.75,23.85,PASS,
1595,-39.4,85.1,124.5,5.75,24.0,PASS,
1596,-39.6,85.1,124.6,5.73,24.09,PASS,
1597,-40.5,85.6,126.1,5.76,23.98,PASS,
1598,-40.2,85.2,125.3,5.76,24.19,PASS,
1599,-39.9,85.5,125.4,5.78,23.81,PASS,
1600,-40.0,84.9,124.9,5.78,23.64,PASS,
1601,-40.4,84.7,125.1,5.76,24.03,PASS,
1602,-39.9,84.9,124.8,5.77,23.81,PASS,
1603,-40.0,84.5,124.5,5.75,23.88,PASS,
1604,-39.4,85.2,124.6,5.77,23.66,PASS,
1605,-40.1,84.8,124.9,5.75,23.79,PASS,
1606,-39.6,84.7,124.4,5.77,23.7,PASS,
1607,-40.4,85.2,125.6,5.77,23.86,PASS,
1608,-40.3,84.5,124.9,5.76,23.87,PASS,
1609,-39.8,85.3,125.1,5.77,23.94,PASS,
1610,-39.7,84.8,124.5,5.73,24.12,PASS,
1611,-40.3,85.5,125.8,5.74,24.03,PASS,
1612,-40.0,84.8,124.8,5.75,23.69,PASS,
1613,-40.4,85.3,125.7,5.73,24.03,PASS,
1614,-40.1,85.1,125.1,5.75,23.95,PASS,
1615,-39.7,85.3,125.0,5.75,23.92,PASS,
1616,-40.1,85.0,125.2,5.78,23.94,PASS,
1617,-40.1,84.3,124.4,5.76,23.97,PASS,
1618,-40.3,85.4,125.7,5.78,23.84,PASS,
1619,-40.2,85.0,125.2,5.76,23.92,PASS,
1620,-39.5,85.3,124.8,5.75,24.12,PASS,
1621,-40.0,85.3,125.3,5.76,23.84,PASS,
1622,-40.3,84.7,125.0,5.77,23.79,PASS,
1623,-40.1,84.6,124.7,5.78,23.94,PASS,
1624,-40.5,85.3,125.7,5.75,23.78,PASS,
1625,-40.3,84.9,125.2,5.72,23.69,PASS,
1626,-39.6,85.4,125.0,5.72,23.9,PASS,
1627,-40.0,84.9,125.0,5.75,24.17,PASS,
1628,-39.4,85.4,124.8,5.71,23.95,PASS,
1629,-40.0,85.2,125.2,5.79,23.98,PASS,
1630,-40.0,85.1,125.1,5.77,23.64,PASS,
1631,-39.8,84.9,124.7,5.74,24.02,PASS,
1632,-40.8,85.1,125.9,5.73,23.97,PASS,
1633,-39.9,85.5,125.4,5.78,23.86,PASS,
1634,-40.0,85.0,125.0,5.73,23.99,PASS,
1635,-39.6,85.2,124.8,5.73,23.99,PASS,
1636,-39.7,85.0,124.7,5.74,23.8,PASS,
1637,-40.3,85.0,125.4,5.76,24.01,PASS,
1638,-39.6,85.7,125.3,5.77,24.15,PASS,
1639,-40.1,85.5,125.6,5.78,23.93,PASS,
1640,-40.3,85.0,125.3,5.77,23.84,PASS,
1641,-39.9,85.1,125.0,5.75,23.94,PASS,
1642,-40.1,84.7,124.8,5.77,24.1,PASS,
1643,-39.5,84.9,124.5,5.74,23.79,PASS,
1644,-39.9,85.1,125.0,5.72,24.06,PASS,
1645,-39.9,85.3,125.3,5.74,23.87,PASS,
1646,-39.7,85.3,125.0,5.74,24.01,PASS,
1647,-39.7,84.6,124.2,5.74,23.89,PASS,
1648,-39.8,85.4,125.2,5.73,23.89,PASS,
1649,-39.6,85.0,124.5,5.74,24.21,PASS,
1650,-39.8,84.6,124.4,5.76,23.77,PASS,
1651,-39.9,85.5,125.5,5.79,24.05,PASS,
1652,-39.6,85.6,125.2,5.72,24.24,PASS,
1653,-40.0,85.1,125.1,5.73,24.09,PASS,
1654,-40.0,85.3,125.3,5.74,23.79,PASS,
1655,-39.5,85.3,124.8,5.77,23.79,PASS,
1656,-39.5,85.6,125.1,5.75,23.87,PASS,
1657,-40.0,85.3,125.3,5.74,24.01,PASS,
1658,-40.1,84.5,124.6,5.77,24.02,PASS,
1659,-39.6,85.8,125.4,5.77,23.8,PASS,
1660,-39.8,85.4,125.2,5.75,23.86,PASS,
1661,-39.9,84.8,124.7,5.73,23.87,PASS,
1662,-40.1,84.6,124.7,5.76,23.97,PASS,
1663,-39.9,85.2,125.1,5.75,24.29,PASS,
1664,-40.0,84.9,124.9,5.75,23.86,PASS,
1665,-40.2,85.1,125.3,5.74,23.85,PASS,
1666,-40.0,85.3,125.3,5.77,23.83,PASS,
1667,-39.9,84.8,124.7,5.75,24.1,PASS,
1668,-40.1,84.6,124.7,5.77,24.0,PASS,
1669,-39.7,85.2,124.9,5.78,23.87,PASS,
1670,-39.6,84.8,124.4,5.76,23.95,PASS,
1671,-39.7,85.1,124.8,5.74,23.89,PASS,
1672,-40.1,84.5,124.5,5.77,24.05,PASS,
1673,-39.8,84.9,124.7,5.76,24.41,PASS,
1674,-40.0,85.3,125.3,5.8,24.09,PASS,
1675,-40.4,85.2,125.6,5.75,24.0,PASS,
1676,-39.8,84.7,124.5,5.76,23.91,PASS,
1677,-40.0,84.5,124.5,5.75,23.81,PASS,
1678,-39.2,85.0,124.2,5.75,24.12,PASS,
1679,-39.6,85.2,124.8,5.74,24.12,PASS,
1680,-39.8,85.2,124.9,5.75,23.95,PASS,
1681,-39.9,84.8,124.7,5.76,24.2,PASS,
1682,-40.0,85.1,125.1,5.77,24.02,PASS,
1683,-40.3,85.6,125.9,5.75,24.14,PASS,
1684,-40.5,85.1,125.6,5.74,24.07,PASS,
1685,-40.3,84.3,124.6,5.74,24.0,PASS,
1686,-40.0,85.1,125.1,5.72,23.88,PASS,
1687,-40.6,85.8,126.4,5.78,24.0,PASS,
1688,-40.2,84.5,124.6,5.74,24.15,PASS,
1689,-40.1,85.0,125.1,5.77,23.95,PASS,
1690,-40.1,84.9,125.0,5.75,24.09,PASS,
1691,-40.2,85.0,125.2,5.75,23.87,PASS,
1692,-40.1,85.1,125.2,5.74,24.15,PASS,
1693,-39.5,85.5,124.9,5.73,24.08,PASS,
1694,-39.8,85.0,124.8,5.73,23.85,PASS,
1695,-40.2,85.5,125.7,5.78,24.0,PASS,
1696,-40.0,85.0,125.0,5.75,24.17,PASS,
1697,-40.0,84.9,124.9,5.77,23.85,PASS,
1698,-40.2,84.7,125.0,5.77,23.88,PASS,
1699,-40.2,84.3,124.5,5.74,24.03,PASS,
1700,-39.7,85.1,124.8,5.75,24.36,PASS,
1701,-40.1,85.8,125.9,5.75,23.94,PASS,
1702,-40.3,85.2,125.5,5.72,24.12,PASS,
1703,-40.0,85.3,125.3,5.74,24.08,PASS,
1704,-40.0,84.8,124.8,5.76,23.96,PASS,
1705,-40.6,84.9,125.5,5.73,24.07,PASS,
1706,-40.0,85.4,125.4,5.74,23.98,PASS,
1707,-39.7,85.8,125.5,5.74,23.99,PASS,
1708,-39.9,85.6,125.5,5.79,23.8,PASS,
1709,-39.3,85.3,124.7,5.71,24.05,PASS,
1710,-39.6,85.0,124.6,5.75,24.19,PASS,
1711,-39.6,85.1,124.6,5.74,24.06,PASS,
1712,-39.2,84.7,123.9,5.73,24.22,PASS,
1713,-39.8,84.4,124.2,5.74,24.14,PASS,
1714,-40.0,84.5,124.5,5.76,24.05,PASS,
1715,-39.7,85.0,124.7,5.76,23.96,PASS,
1716,-40.2,84.9,125.1,5.75,23.99,PASS,
1717,-40.0,84.4,124.4,5.76,23.84,PASS,
1718,-40.2,85.0,125.2,5.77,24.02,PASS,
1719,-39.9,84.9,124.8,5.76,24.08,PASS,
1720,-40.2,84.5,124.7,5.73,24.32,PASS,
1721,-40.2,84.9,125.1,5.75,24.14,PASS,
1722,-39.9,84.9,124.7,5.75,23.94,PASS,
1723,-40.0,84.8,124.8,5.73,23.85,PASS,
1724,-40.6,85.4,125.9,5.71,24.04,PASS,
1725,-40.4,84.2,124.7,5.7,24.19,PASS,
1726,-40.3,84.2,124.5,5.74,24.04,PASS,
1727,-40.3,85.0,125.3,5.75,24.15,PASS,
1728,-39.9,85.0,124.9,5.72,24.05,PASS,
1729,-39.9,85.2,125.1,5.76,24.18,PASS,
1730,-39.7,84.8,124.5,5.74,23.84,PASS,
1731,-39.8,84.6,124.4,5.77,24.32,PASS,
1732,-39.7,85.0,124.7,5.75,23.91,PASS,
1733,-39.8,84.8,124.6,5.72,24.2,PASS,
1734,-39.9,85.6,125.6,5.75,24.04,PASS,
1735,-39.7,84.9,124.5,5.75,24.06,PASS,
1736,-39.7,85.0,124.7,5.73,24.05,PASS,
1737,-39.9,86.0,125.9,5.71,24.12,PASS,
1738,-39.6,84.9,124.5,5.74,24.15,PASS,
1739,-40.7,85.2,125.9,5.72,24.25,PASS,
1740,-40.1,85.3,125.3,5.76,24.3,PASS,
1741,-40.1,85.3,125.4,5.73,24.14,PASS,
1742,-39.7,85.1,124.8,5.77,24.35,PASS,
1743,-39.5,85.1,124.6,5.7,24.11,PASS,
1744,-40.4,85.0,125.5,5.74,24.25,PASS,
1745,-39.6,84.8,124.3,5.77,24.16,PASS,
1746,-40.4,85.1,125.5,5.72,24.01,PASS,
1747,-40.3,85.8,126.2,5.73,24.12,PASS,
1748,-40.1,85.5,125.6,5.73,24.17,PASS,
1749,-40.1,85.1,125.2,5.72,24.09,PASS,
1750,-40.5,85.3,125.8,5.74,24.16,PASS,1750-cycle periodic check: nominal
1751,-39.8,84.7,124.5,5.71,24.23,PASS,
1752,-39.8,84.9,124.7,5.73,24.1,PASS,
1753,-39.7,85.4,125.1,5.75,23.66,PASS,
1754,-40.1,85.6,125.7,5.73,24.36,PASS,
1755,-40.0,84.7,124.7,5.72,24.06,PASS,
1756,-40.0,84.8,124.8,5.76,23.98,PASS,
1757,-39.5,85.9,125.4,5.75,23.94,PASS,
1758,-40.9,85.0,125.9,5.72,24.06,PASS,
1759,-40.3,85.7,126.0,5.71,24.03,PASS,
1760,-40.0,85.1,125.1,5.72,24.0,PASS,
1761,-40.3,85.1,125.4,5.75,24.01,PASS,
1762,-40.1,84.9,125.0,5.74,24.19,PASS,
1763,-40.0,85.4,125.4,5.75,24.42,PASS,
1764,-40.2,85.5,125.7,5.73,24.24,PASS,
1765,-40.0,84.6,124.6,5.72,24.29,PASS,
1766,-39.8,84.9,124.7,5.75,24.06,PASS,
1767,-40.1,85.4,125.4,5.72,24.14,PASS,
1768,-40.1,84.9,125.1,5.74,24.19,PASS,
1769,-40.0,84.8,124.9,5.7,24.02,PASS,
1770,-40.0,85.4,125.4,5.72,24.06,PASS,
1771,-40.5,85.4,126.0,5.75,24.25,PASS,
1772,-39.9,84.8,124.7,5.72,24.29,PASS,
1773,-40.1,85.1,125.2,5.75,24.14,PASS,
1774,-39.6,84.5,124.1,5.69,23.95,PASS,
1775,-39.8,84.6,124.5,5.72,24.09,PASS,
1776,-39.6,85.0,124.7,5.73,23.92,PASS,
1777,-40.3,85.0,125.3,5.77,24.14,PASS,
1778,-40.1,84.6,124.7,5.71,24.17,PASS,
1779,-40.4,84.7,125.1,5.75,24.09,PASS,
1780,-40.2,84.6,124.8,5.75,24.17,PASS,
1781,-39.6,85.2,124.8,5.72,24.2,PASS,
1782,-39.6,84.2,123.8,5.73,24.18,PASS,
1783,-40.3,84.6,124.9,5.74,23.96,PASS,
1784,-40.1,84.3,124.4,5.7,24.1,PASS,
1785,-40.0,85.2,125.2,5.72,24.2,PASS,
1786,-39.8,84.3,124.1,5.76,24.38,PASS,
1787,-40.5,85.0,125.5,5.74,24.1,PASS,
1788,-40.5,85.7,126.1,5.73,24.23,PASS,
1789,-39.9,85.7,125.5,5.73,24.28,PASS,
1790,-40.6,84.3,124.9,5.74,24.12,PASS,
1791,-40.1,85.1,125.3,5.75,24.32,PASS,
1792,-40.0,84.6,124.6,5.72,24.33,PASS,
1793,-39.9,84.5,124.4,5.76,24.36,PASS,
1794,-40.0,85.0,125.0,5.76,24.22,PASS,
1795,-40.1,85.5,125.6,5.74,24.51,PASS,
1796,-39.7,85.2,125.0,5.71,24.06,PASS,
1797,-39.9,84.7,124.6,5.71,24.48,PASS,
1798,-40.2,85.3,125.5,5.72,24.27,PASS,
1799,-40.0,84.1,124.1,5.73,24.36,PASS,
1800,-39.9,84.7,124.6,5.69,24.11,PASS,
1801,-39.5,84.7,124.2,5.74,24.29,PASS,
1802,-39.8,85.0,124.8,5.76,24.38,PASS,
1803,-39.6,84.9,124.6,5.74,24.0,PASS,
1804,-40.2,84.9,125.1,5.72,24.14,PASS,
1805,-40.2,84.9,125.1,5.71,23.84,PASS,
1806,-40.1,85.0,125.1,5.74,24.14,PASS,
1807,-40.0,85.2,125.3,5.73,24.05,PASS,
1808,-40.3,85.1,125.4,5.74,24.14,PASS,
1809,-39.6,84.9,124.5,5.74,24.61,PASS,
1810,-39.7,85.2,124.9,5.75,24.43,PASS,
1811,-40.1,85.3,125.4,5.71,23.96,PASS,
1812,-39.8,84.8,124.6,5.73,24.26,PASS,
1813,-39.9,85.0,124.9,5.72,24.3,PASS,
1814,-39.8,85.5,125.2,5.73,24.13,PASS,
1815,-40.4,84.6,125.0,5.75,24.2,PASS,
1816,-40.0,85.7,125.8,5.75,24.22,PASS,
1817,-40.0,84.5,124.5,5.76,23.98,PASS,
1818,-39.8,84.9,124.7,5.74,24.03,PASS,
1819,-40.2,84.6,124.8,5.72,24.21,PASS,
1820,-40.7,85.9,126.6,5.72,24.2,PASS,
1821,-40.3,84.8,125.1,5.69,24.08,PASS,
1822,-40.0,84.8,124.8,5.75,24.07,PASS,
1823,-40.0,84.9,124.8,5.72,24.17,PASS,
1824,-39.5,85.0,124.5,5.74,24.32,PASS,
1825,-39.8,84.9,124.7,5.74,24.18,PASS,
1826,-40.0,84.9,124.9,5.7,24.43,PASS,
1827,-40.0,83.6,123.6,5.71,24.09,PASS,
1828,-39.7,85.0,124.7,5.76,24.22,PASS,
1829,-40.2,85.0,125.2,5.73,24.14,PASS,
1830,-40.0,85.4,125.5,5.71,24.28,PASS,
1831,-40.3,85.5,125.9,5.72,24.08,PASS,
1832,-39.6,84.9,124.5,5.75,24.49,PASS,
1833,-39.9,85.3,125.2,5.74,23.95,PASS,
1834,-40.2,84.6,124.8,5.7,24.46,PASS,
1835,-40.0,85.3,125.3,5.76,24.22,PASS,
1836,-39.8,84.8,124.6,5.74,24.29,PASS,
1837,-40.1,84.5,124.6,5.72,24.4,PASS,
1838,-40.2,84.9,125.1,5.7,24.33,PASS,
1839,-40.2,85.6,125.8,5.75,24.1,PASS,
1840,-39.9,85.1,125.0,5.73,24.3,PASS,
1841,-40.1,85.6,125.7,5.69,24.49,PASS,
1842,-40.1,84.7,124.8,5.72,24.08,PASS,
1843,-40.4,85.4,125.8,5.79,24.53,PASS,
1844,-40.0,84.7,124.7,5.72,24.27,PASS,
1845,-40.1,85.1,125.1,5.71,24.15,PASS,
1846,-40.1,85.1,125.2,5.7,24.08,PASS,
1847,-39.9,85.3,125.2,5.76,24.18,PASS,
1848,-39.8,85.1,124.9,5.74,23.92,PASS,
1849,-39.8,84.7,124.5,5.75,24.16,PASS,
1850,-39.8,85.4,125.2,5.73,24.18,PASS,
1851,-40.1,85.7,125.8,5.75,24.06,PASS,
1852,-40.2,84.8,124.9,5.71,24.33,PASS,
1853,-40.3,84.3,124.6,5.73,24.19,PASS,
1854,-40.2,85.2,125.4,5.73,24.13,PASS,
1855,-40.0,84.9,124.9,5.75,24.18,PASS,
1856,-40.2,84.9,125.2,5.73,24.28,PASS,
1857,-40.0,85.2,125.2,5.71,24.24,PASS,
1858,-40.3,84.8,125.1,5.72,24.12,PASS,
1859,-40.5,84.9,125.4,5.69,24.25,PASS,
1860,-39.8,85.0,124.7,5.67,24.22,PASS,
1861,-40.1,85.6,125.7,5.74,24.06,PASS,
1862,-40.3,85.0,125.3,5.71,24.19,PASS,
1863,-40.3,84.5,124.8,5.72,24.32,PASS,
1864,-39.9,84.5,124.4,5.74,24.32,PASS,
1865,-39.6,85.1,124.6,5.75,24.2,PASS,
1866,-40.1,84.5,124.7,5.73,24.34,PASS,
1867,-40.1,84.4,124.4,5.76,24.09,PASS,
1868,-39.7,85.3,124.9,5.73,24.1,PASS,
1869,-40.5,85.3,125.8,5.73,24.21,PASS,
1870,-39.4,84.9,124.3,5.72,24.47,PASS,
1871,-39.3,85.1,124.4,5.69,24.27,PASS,
1872,-40.8,85.1,125.9,5.74,24.21,PASS,
1873,-40.0,85.2,125.3,5.67,24.48,PASS,
1874,-40.2,85.2,125.5,5.71,24.21,PASS,
1875,-40.1,84.0,124.0,5.72,24.59,PASS,
1876,-40.1,84.9,125.0,5.7,24.17,PASS,
1877,-39.8,85.2,125.0,5.71,24.1,PASS,
1878,-40.0,84.8,124.9,5.76,24.23,PASS,
1879,-40.3,85.0,125.3,5.74,24.22,PASS,
1880,-40.1,85.3,125.4,5.7,24.13,PASS,
1881,-39.8,85.0,124.9,5.71,24.65,PASS,
1882,-40.4,85.6,126.0,5.69,24.31,PASS,
1883,-40.5,85.5,125.9,5.73,24.33,PASS,
1884,-39.4,85.0,124.4,5.71,24.19,PASS,
1885,-40.2,84.9,125.1,5.68,24.18,PASS,
1886,-40.0,83.9,123.9,5.72,24.42,PASS,
1887,-40.1,84.9,125.0,5.73,24.01,PASS,
1888,-39.8,84.5,124.3,5.74,24.09,PASS,
1889,-39.5,85.1,124.6,5.72,24.23,PASS,
1890,-39.8,85.1,124.9,5.71,24.47,PASS,
1891,-40.5,85.3,125.7,5.76,24.21,PASS,
1892,-40.4,85.6,126.0,5.72,24.33,PASS,
1893,-40.1,85.0,125.1,5.73,24.28,PASS,
1894,-40.1,85.9,126.0,5.71,24.47,PASS,
1895,-40.5,85.1,125.6,5.73,24.04,PASS,
1896,-39.8,84.5,124.2,5.69,24.39,PASS,
1897,-40.3,84.8,125.1,5.71,24.25,PASS,
1898,-39.6,84.9,124.4,5.69,24.42,PASS,
1899,-39.5,85.2,124.7,5.7,24.16,PASS,
1900,-40.1,84.6,124.7,5.74,24.28,PASS,
1901,-39.9,84.9,124.7,5.7,24.27,PASS,
1902,-40.4,84.9,125.3,5.73,24.13,PASS,
1903,-39.8,84.8,124.6,5.74,24.09,PASS,
1904,-40.1,85.3,125.5,5.71,24.2,PASS,
1905,-40.3,85.3,125.6,5.73,24.31,PASS,
1906,-40.1,85.5,125.6,5.72,24.17,PASS,
1907,-40.1,84.9,125.0,5.72,24.24,PASS,
1908,-40.1,85.5,125.6,5.73,24.01,PASS,
1909,-39.7,84.5,124.2,5.75,24.24,PASS,
1910,-40.2,84.4,124.7,5.7,24.45,PASS,
1911,-39.5,84.5,124.0,5.69,24.4,PASS,
1912,-40.4,85.0,125.4,5.69,24.28,PASS,
1913,-39.5,85.5,125.0,5.73,24.33,PASS,
1914,-40.3,84.8,125.1,5.74,24.17,PASS,
1915,-40.0,84.8,124.8,5.7,24.54,PASS,
1916,-40.1,84.9,125.1,5.67,24.61,PASS,
1917,-40.1,85.2,125.3,5.7,24.33,PASS,
1918,-39.8,84.8,124.6,5.72,24.69,PASS,
1919,-39.6,84.8,124.3,5.71,24.2,PASS,
1920,-39.6,84.5,124.1,5.72,24.12,PASS,
1921,-40.1,84.8,124.9,5.7,24.2,PASS,
1922,-39.9,85.5,125.4,5.73,24.27,PASS,
1923,-40.2,85.0,125.3,5.72,24.65,PASS,
1924,-40.3,84.7,125.0,5.72,24.27,PASS,
1925,-40.3,85.5,125.8,5.71,24.18,PASS,
1926,-40.1,84.8,124.9,5.72,24.18,PASS,
1927,-39.9,85.6,125.5,5.72,24.48,PASS,
1928,-40.6,85.6,126.1,5.69,24.46,PASS,
1929,-40.0,85.0,125.0,5.72,24.24,PASS,
1930,-39.5,84.4,123.9,5.73,24.03,PASS,
1931,-39.7,85.9,125.6,5.73,24.15,PASS,
1932,-40.2,85.2,125.3,5.72,24.58,PASS,
1933,-40.4,84.9,125.3,5.69,24.42,PASS,
1934,-39.9,85.4,125.2,5.69,24.33,PASS,
1935,-40.7,85.3,126.0,5.7,24.6,PASS,
1936,-39.7,85.5,125.2,5.71,24.62,PASS,
1937,-40.1,84.7,124.8,5.71,24.32,PASS,
1938,-39.5,85.1,124.6,5.69,24.32,PASS,
1939,-40.5,84.5,125.0,5.69,24.24,PASS,
1940,-39.7,85.3,125.0,5.67,24.29,PASS,
1941,-40.0,85.0,125.0,5.65,24.11,PASS,
1942,-40.1,85.1,125.2,5.71,24.11,PASS,
1943,-40.4,84.9,125.4,5.75,24.07,PASS,
1944,-39.8,84.9,124.7,5.74,24.5,PASS,
1945,-39.8,84.7,124.4,5.69,24.1,PASS,
1946,-39.5,85.3,124.8,5.71,24.63,PASS,
1947,-39.7,85.6,125.3,5.68,24.23,PASS,
1948,-40.2,84.8,125.0,5.68,24.6,PASS,
1949,-40.3,85.2,125.5,5.68,24.28,PASS,
1950,-40.4,85.2,125.6,5.7,24.11,PASS,
1951,-39.6,85.0,124.6,5.7,24.53,PASS,
1952,-40.2,84.4,124.6,5.71,24.55,PASS,
1953,-39.6,84.5,124.0,5.72,24.21,PASS,
1954,-39.8,84.7,124.5,5.7,24.3,PASS,
1955,-39.9,84.1,124.0,5.71,24.21,PASS,
1956,-40.1,85.6,125.7,5.68,24.33,PASS,
1957,-39.8,85.1,124.9,5.68,24.36,PASS,
1958,-40.0,85.0,125.0,5.68,24.3,PASS,
1959,-40.1,84.1,124.2,5.72,24.08,PASS,
1960,-39.8,84.3,124.1,5.7,24.26,PASS,
1961,-40.0,85.0,125.0,5.67,24.46,PASS,
1962,-40.2,85.8,126.0,5.7,24.32,PASS,
1963,-39.8,84.7,124.5,5.68,24.31,PASS,
1964,-40.0,85.3,125.4,5.74,24.22,PASS,
1965,-39.9,84.8,124.7,5.69,24.27,PASS,
1966,-40.1,85.0,125.2,5.72,24.57,PASS,
1967,-40.4,85.5,125.8,5.73,24.19,PASS,
1968,-39.5,84.9,124.3,5.69,24.47,PASS,
1969,-39.5,84.7,124.3,5.71,24.37,PASS,
1970,-39.7,85.6,125.3,5.72,24.4,PASS,
1971,-40.1,85.0,125.1,5.71,24.26,PASS,
1972,-40.1,85.4,125.5,5.71,24.31,PASS,
1973,-39.6,84.7,124.3,5.68,24.37,PASS,
1974,-40.1,85.6,125.7,5.71,24.29,PASS,
1975,-40.2,85.1,125.3,5.69,24.42,PASS,
1976,-39.4,85.2,124.6,5.71,24.44,PASS,
1977,-40.0,85.1,125.1,5.72,24.7,PASS,
1978,-39.5,84.8,124.3,5.72,24.42,PASS,
1979,-40.4,85.0,125.4,5.71,24.09,PASS,
1980,-39.8,84.8,124.7,5.72,24.55,PASS,
1981,-39.4,85.4,124.8,5.72,24.35,PASS,
1982,-40.0,84.9,124.9,5.73,24.68,PASS,
1983,-40.1,84.4,124.5,5.7,24.6,PASS,
1984,-40.4,84.3,124.7,5.71,24.31,PASS,
1985,-39.7,84.3,124.0,5.72,24.49,PASS,
1986,-40.2,85.2,125.5,5.69,24.29,PASS,
1987,-40.0,84.5,124.6,5.68,24.38,PASS,
1988,-40.4,85.1,125.5,5.71,24.49,PASS,
1989,-39.5,85.1,124.6,5.7,24.55,PASS,
1990,-39.7,85.0,124.6,5.68,24.52,PASS,
1991,-40.0,85.2,125.2,5.71,24.4,PASS,
1992,-40.3,85.1,125.4,5.73,24.76,PASS,
1993,-39.5,83.9,123.5,5.67,24.34,PASS,
1994,-40.1,84.9,125.0,5.72,24.15,PASS,
1995,-40.3,85.2,125.5,5.65,24.18,PASS,
1996,-40.5,85.7,126.2,5.69,24.62,PASS,
1997,-40.2,85.7,125.9,5.74,24.38,PASS,
1998,-40.4,84.5,124.9,5.69,24.42,PASS,
1999,-40.2,84.9,125.0,5.7,24.32,PASS,
2000,-39.8,84.4,124.2,5.72,24.33,PASS,"2000-cycle final inspection: cosmetic wear on fittings, all functional parameters within spec"
