unit_serial,measurement_date,cooling_plate_flatness_mm,channel_depth_mm,channel_width_mm,surface_roughness_um,leak_test_pressure_kpa,leak_test_result,weight_g,inspector_id
TM4200-260001,2026-03-01,0.047,1.477,3.047,0.7,150.1,PASS,1191.3,KT-103
TM4200-260002,2026-03-01,0.064,1.459,2.997,0.84,149.9,PASS,1194.2,KT-102
TM4200-260003,2026-03-01,0.045,1.47,2.971,0.73,149.8,PASS,1199.1,KT-104
TM4200-260004,2026-03-01,0.027,1.52,2.981,0.9,150.5,PASS,1199.0,KT-105
TM4200-260005,2026-03-01,0.038,1.515,3.121,0.9,150.3,PASS,1196.6,KT-105
TM4200-260006,2026-03-01,0.055,1.503,2.896,0.98,149.8,PASS,1198.9,KT-103
TM4200-260007,2026-03-01,0.053,1.466,3.03,1.08,150.2,PASS,1200.4,KT-103
TM4200-260008,2026-03-01,0.029,1.523,2.899,1.0,149.8,PASS,1205.3,KT-101
TM4200-260009,2026-03-01,0.039,1.463,2.994,0.61,149.6,PASS,1199.4,KT-101
TM4200-260010,2026-03-01,0.041,1.535,2.974,0.62,150.3,PASS,1202.4,KT-103
TM4200-260011,2026-03-01,0.044,1.586,2.875,0.78,149.5,PASS,1196.8,KT-103
TM4200-260012,2026-03-01,0.031,1.511,3.023,0.71,150.3,PASS,1203.4,KT-101
TM4200-260013,2026-03-01,0.04,1.517,2.977,0.57,149.9,PASS,1202.3,KT-103
TM4200-260014,2026-03-01,0.039,1.485,2.874,0.71,149.9,PASS,1205.2,KT-104
TM4200-260015,2026-03-01,0.057,1.446,3.05,0.71,150.1,PASS,1204.3,KT-105
TM4200-260016,2026-03-01,0.058,1.482,3.086,0.67,150.2,PASS,1203.5,KT-105
TM4200-260017,2026-03-01,0.046,1.467,3.089,0.74,149.8,PASS,1199.4,KT-102
TM4200-260018,2026-03-01,0.043,1.457,3.022,1.04,150.2,PASS,1201.5,KT-102
TM4200-260019,2026-03-01,0.05,1.552,3.003,0.84,150.0,PASS,1206.4,KT-105
TM4200-260020,2026-03-01,0.038,1.508,3.08,1.29,149.6,PASS,1196.1,KT-104
TM4200-260021,2026-03-01,0.034,1.511,3.101,0.83,149.9,PASS,1196.2,KT-102
TM4200-260022,2026-03-01,0.037,1.491,3.068,0.74,150.4,PASS,1201.1,KT-104
TM4200-260023,2026-03-01,0.04,1.495,2.944,0.8,150.5,PASS,1202.5,KT-101
TM4200-260024,2026-03-01,0.034,1.529,3.012,0.85,150.2,PASS,1195.1,KT-103
TM4200-260025,2026-03-01,0.05,1.499,3.026,0.89,149.6,PASS,1199.6,KT-102
TM4200-260026,2026-03-02,0.057,1.516,2.891,1.22,150.1,PASS,1199.4,KT-105
TM4200-260027,2026-03-02,0.029,1.494,3.028,0.63,150.3,PASS,1186.7,KT-101
TM4200-260028,2026-03-02,0.048,1.49,3.136,0.97,150.2,PASS,1198.7,KT-105
TM4200-260029,2026-03-02,0.045,1.458,3.038,0.84,150.2,PASS,1199.1,KT-102
TM4200-260030,2026-03-02,0.052,1.441,3.088,0.49,150.1,PASS,1199.0,KT-101
TM4200-260031,2026-03-02,0.048,1.492,3.011,0.95,150.0,PASS,1208.5,KT-104
TM4200-260032,2026-03-02,0.031,1.502,2.996,1.05,149.8,PASS,1192.7,KT-104
TM4200-260033,2026-03-02,0.033,1.461,3.023,0.63,149.4,PASS,1195.1,KT-101
TM4200-260034,2026-03-02,0.048,1.499,2.951,0.8,150.1,PASS,1184.3,KT-101
TM4200-260035,2026-03-02,0.06,1.502,2.942,0.45,150.1,PASS,1197.1,KT-101
TM4200-260036,2026-03-02,0.021,1.435,3.076,0.55,150.2,PASS,1197.6,KT-103
TM4200-260037,2026-03-02,0.052,1.473,3.082,1.01,149.6,PASS,1196.9,KT-101
TM4200-260038,2026-03-02,0.062,1.512,2.941,0.71,150.2,PASS,1206.6,KT-104
TM4200-260039,2026-03-02,0.046,1.512,3.058,0.58,150.6,PASS,1205.2,KT-101
TM4200-260040,2026-03-02,0.055,1.465,2.995,0.85,150.0,PASS,1200.5,KT-104
TM4200-260041,2026-03-02,0.04,1.505,3.02,0.7,150.0,PASS,1197.8,KT-105
TM4200-260042,2026-03-02,0.047,1.531,3.028,0.71,150.1,PASS,1206.2,KT-104
TM4200-260043,2026-03-02,0.029,1.523,3.06,0.95,150.6,PASS,1199.9,KT-105
TM4200-260044,2026-03-02,0.02,1.497,3.005,0.57,149.7,PASS,1195.1,KT-105
TM4200-260045,2026-03-02,0.059,1.486,3.085,0.62,150.1,PASS,1189.7,KT-101
TM4200-260046,2026-03-02,0.036,1.481,3.019,0.83,149.8,PASS,1197.4,KT-102
TM4200-260047,2026-03-02,0.043,1.514,3.037,0.99,149.8,PASS,1204.5,KT-104
TM4200-260048,2026-03-02,0.031,1.506,2.95,1.05,150.0,PASS,1213.7,KT-102
TM4200-260049,2026-03-02,0.031,1.519,3.13,0.67,150.4,PASS,1200.4,KT-104
TM4200-260050,2026-03-02,0.046,1.504,3.028,0.99,150.5,PASS,1195.4,KT-104
TM4200-260051,2026-03-03,0.039,1.525,3.043,0.64,150.1,PASS,1192.9,KT-105
TM4200-260052,2026-03-03,0.053,1.503,2.904,1.17,149.9,PASS,1203.3,KT-102
TM4200-260053,2026-03-03,0.053,1.524,2.951,0.57,150.7,PASS,1189.4,KT-102
TM4200-260054,2026-03-03,0.052,1.526,3.074,1.07,149.9,PASS,1203.3,KT-101
TM4200-260055,2026-03-03,0.051,1.476,3.017,0.67,149.8,PASS,1204.9,KT-102
TM4200-260056,2026-03-03,0.067,1.446,2.885,1.2,149.5,PASS,1202.6,KT-102
TM4200-260057,2026-03-03,0.035,1.546,3.062,0.92,150.4,PASS,1198.7,KT-103
TM4200-260058,2026-03-03,0.047,1.508,2.967,0.6,150.3,PASS,1203.4,KT-103
TM4200-260059,2026-03-03,0.062,1.449,3.085,0.7,150.7,PASS,1201.0,KT-105
TM4200-260060,2026-03-03,0.063,1.479,2.995,0.96,149.6,PASS,1195.3,KT-104
TM4200-260061,2026-03-03,0.031,1.523,3.012,1.01,150.4,PASS,1211.1,KT-104
TM4200-260062,2026-03-03,0.044,1.492,3.071,0.79,150.0,PASS,1197.9,KT-101
TM4200-260063,2026-03-03,0.064,1.485,2.946,0.81,150.2,PASS,1204.7,KT-103
TM4200-260064,2026-03-03,0.054,1.542,2.94,0.95,149.5,PASS,1185.5,KT-104
TM4200-260065,2026-03-03,0.05,1.469,2.988,0.83,150.4,PASS,1207.7,KT-102
TM4200-260066,2026-03-03,0.045,1.476,3.05,0.54,150.2,PASS,1208.8,KT-103
TM4200-260067,2026-03-03,0.043,1.506,2.92,0.64,150.0,PASS,1200.2,KT-104
TM4200-260068,2026-03-03,0.051,1.512,2.9,0.85,150.2,PASS,1203.4,KT-104
TM4200-260069,2026-03-03,0.045,1.515,3.049,1.04,149.8,PASS,1203.4,KT-105
TM4200-260070,2026-03-03,0.047,1.527,2.964,1.12,149.8,PASS,1196.1,KT-103
TM4200-260071,2026-03-03,0.049,1.506,2.976,0.96,149.9,PASS,1203.3,KT-102
TM4200-260072,2026-03-03,0.04,1.515,2.889,0.86,149.4,PASS,1195.1,KT-102
TM4200-260073,2026-03-03,0.054,1.492,2.959,0.95,150.3,PASS,1196.3,KT-104
TM4200-260074,2026-03-03,0.083,1.502,3.0,0.67,150.4,PASS,1206.8,KT-103
TM4200-260075,2026-03-03,0.027,1.503,3.056,0.77,149.8,PASS,1205.8,KT-103
TM4200-260076,2026-03-04,0.052,1.506,2.954,0.64,150.1,PASS,1195.8,KT-101
TM4200-260077,2026-03-04,0.039,1.523,3.099,0.55,149.9,PASS,1195.6,KT-103
TM4200-260078,2026-03-04,0.055,1.517,2.959,0.87,150.1,PASS,1196.1,KT-102
TM4200-260079,2026-03-04,0.049,1.501,2.959,0.84,149.8,PASS,1204.4,KT-103
TM4200-260080,2026-03-04,0.057,1.476,3.092,0.94,149.7,PASS,1194.0,KT-105
TM4200-260081,2026-03-04,0.062,1.502,3.013,0.91,150.3,PASS,1202.1,KT-104
TM4200-260082,2026-03-04,0.05,1.499,2.967,0.85,150.0,PASS,1204.5,KT-103
TM4200-260083,2026-03-04,0.062,1.506,2.991,0.91,150.6,PASS,1199.5,KT-105
TM4200-260084,2026-03-04,0.02,1.566,3.081,0.79,150.0,PASS,1206.1,KT-105
TM4200-260085,2026-03-04,0.067,1.484,3.088,0.88,149.7,PASS,1198.2,KT-103
TM4200-260086,2026-03-04,0.053,1.513,2.951,0.65,150.4,PASS,1198.7,KT-104
TM4200-260087,2026-03-04,0.061,1.532,2.997,0.87,150.2,PASS,1194.1,KT-102
TM4200-260088,2026-03-04,0.033,1.503,3.005,0.93,150.2,PASS,1206.1,KT-105
TM4200-260089,2026-03-04,0.038,1.57,2.941,0.67,150.4,PASS,1195.4,KT-102
TM4200-260090,2026-03-04,0.05,1.489,2.997,0.81,149.8,PASS,1202.1,KT-102
TM4200-260091,2026-03-04,0.048,1.51,3.0,0.68,150.0,PASS,1199.6,KT-101
TM4200-260092,2026-03-04,0.051,1.476,3.068,0.69,149.9,PASS,1193.7,KT-105
TM4200-260093,2026-03-04,0.061,1.489,3.072,0.58,149.6,PASS,1196.3,KT-102
TM4200-260094,2026-03-04,0.027,1.507,2.98,1.05,149.9,PASS,1208.3,KT-105
TM4200-260095,2026-03-04,0.06,1.525,2.987,1.01,150.4,PASS,1201.2,KT-101
TM4200-260096,2026-03-04,0.048,1.51,3.04,0.91,150.1,PASS,1193.9,KT-103
TM4200-260097,2026-03-04,0.046,1.538,2.965,1.19,149.6,PASS,1201.8,KT-103
TM4200-260098,2026-03-04,0.03,1.497,3.035,0.76,149.5,PASS,1199.1,KT-103
TM4200-260099,2026-03-04,0.054,1.49,2.995,1.41,150.5,PASS,1220.7,KT-101
TM4200-260100,2026-03-04,0.019,1.581,2.942,0.75,147.3,FAIL,1201.7,KT-101
TM4200-260101,2026-03-05,0.056,1.512,2.943,0.85,149.8,PASS,1197.7,KT-102
TM4200-260102,2026-03-05,0.03,1.478,3.087,0.72,149.9,PASS,1208.5,KT-103
TM4200-260103,2026-03-05,0.049,1.479,2.991,0.87,149.6,PASS,1189.0,KT-104
TM4200-260104,2026-03-05,0.047,1.472,3.098,0.97,150.4,PASS,1200.6,KT-103
TM4200-260105,2026-03-05,0.062,1.528,2.969,0.78,149.9,PASS,1212.0,KT-102
TM4200-260106,2026-03-05,0.046,1.489,3.017,1.16,150.4,PASS,1199.3,KT-102
TM4200-260107,2026-03-05,0.04,1.504,3.144,0.85,150.0,PASS,1189.6,KT-104
TM4200-260108,2026-03-05,0.042,1.498,2.937,0.85,150.4,PASS,1197.6,KT-103
TM4200-260109,2026-03-05,0.063,1.522,2.886,0.62,150.1,PASS,1208.7,KT-105
TM4200-260110,2026-03-05,0.054,1.475,3.077,0.88,150.3,PASS,1202.3,KT-103
TM4200-260111,2026-03-05,0.043,1.468,2.95,0.77,150.2,PASS,1195.0,KT-103
TM4200-260112,2026-03-05,0.045,1.507,2.999,0.68,150.2,PASS,1195.9,KT-101
TM4200-260113,2026-03-05,0.029,1.518,2.965,0.64,150.1,PASS,1196.6,KT-101
TM4200-260114,2026-03-05,0.053,1.51,3.016,1.33,149.9,PASS,1202.2,KT-105
TM4200-260115,2026-03-05,0.027,1.476,2.943,0.75,150.6,PASS,1208.0,KT-102
TM4200-260116,2026-03-05,0.057,1.52,2.989,0.51,149.7,PASS,1206.3,KT-103
TM4200-260117,2026-03-05,0.05,1.478,3.027,0.66,150.0,PASS,1202.7,KT-103
TM4200-260118,2026-03-05,0.077,1.484,2.94,0.79,150.0,PASS,1192.0,KT-101
TM4200-260119,2026-03-05,0.035,1.472,2.958,0.91,150.1,PASS,1192.0,KT-103
TM4200-260120,2026-03-05,0.047,1.539,2.979,0.91,149.9,PASS,1203.2,KT-102
TM4200-260121,2026-03-05,0.07,1.519,2.914,0.94,150.1,PASS,1191.9,KT-101
TM4200-260122,2026-03-05,0.062,1.518,2.975,0.67,149.9,PASS,1198.6,KT-103
TM4200-260123,2026-03-05,0.04,1.537,3.007,0.87,149.5,PASS,1201.8,KT-103
TM4200-260124,2026-03-05,0.051,1.584,2.976,0.62,150.0,PASS,1193.2,KT-101
TM4200-260125,2026-03-05,0.048,1.449,2.984,0.68,149.7,PASS,1193.9,KT-103
TM4200-260126,2026-03-06,0.051,1.478,2.999,0.62,149.5,PASS,1199.4,KT-104
TM4200-260127,2026-03-06,0.04,1.482,2.961,0.56,150.0,PASS,1203.0,KT-102
TM4200-260128,2026-03-06,0.047,1.474,3.041,1.01,150.1,PASS,1206.4,KT-105
TM4200-260129,2026-03-06,0.029,1.468,3.086,0.94,150.2,PASS,1203.6,KT-104
TM4200-260130,2026-03-06,0.05,1.491,2.972,1.0,150.2,PASS,1200.4,KT-104
TM4200-260131,2026-03-06,0.053,1.464,3.029,0.81,149.4,PASS,1195.5,KT-101
TM4200-260132,2026-03-06,0.045,1.51,2.986,0.96,149.6,PASS,1193.6,KT-104
TM4200-260133,2026-03-06,0.029,1.502,3.022,0.45,150.6,PASS,1196.9,KT-102
TM4200-260134,2026-03-06,0.06,1.514,3.094,0.97,149.7,PASS,1202.5,KT-104
TM4200-260135,2026-03-06,0.052,1.515,3.031,0.84,150.2,PASS,1202.0,KT-105
TM4200-260136,2026-03-06,0.039,1.518,2.894,0.93,149.8,PASS,1187.4,KT-102
TM4200-260137,2026-03-06,0.045,1.489,3.027,0.88,150.0,PASS,1195.3,KT-102
TM4200-260138,2026-03-06,0.03,1.564,3.074,0.6,149.8,PASS,1207.2,KT-101
TM4200-260139,2026-03-06,0.036,1.507,2.987,0.5,150.2,PASS,1200.5,KT-104
TM4200-260140,2026-03-06,0.042,1.444,3.06,0.66,150.0,PASS,1191.5,KT-104
TM4200-260141,2026-03-06,0.063,1.47,2.959,0.91,149.9,PASS,1214.1,KT-103
TM4200-260142,2026-03-06,0.04,1.448,2.911,0.94,149.7,PASS,1199.8,KT-101
TM4200-260143,2026-03-06,0.056,1.501,3.008,0.53,150.1,PASS,1202.3,KT-102
TM4200-260144,2026-03-06,0.042,1.496,2.895,0.6,149.6,PASS,1202.4,KT-103
TM4200-260145,2026-03-06,0.051,1.486,2.986,0.66,150.1,PASS,1197.8,KT-105
TM4200-260146,2026-03-06,0.046,1.56,3.077,0.73,150.8,PASS,1195.6,KT-101
TM4200-260147,2026-03-06,0.058,1.516,2.885,0.53,150.4,PASS,1212.7,KT-102
TM4200-260148,2026-03-06,0.042,1.522,2.923,0.52,150.2,PASS,1206.0,KT-104
TM4200-260149,2026-03-06,0.029,1.472,2.938,0.64,150.0,PASS,1204.9,KT-102
TM4200-260150,2026-03-06,0.031,1.47,2.996,0.82,149.4,PASS,1203.5,KT-105
TM4200-260151,2026-03-07,0.042,1.501,2.978,0.56,149.6,PASS,1194.0,KT-105
TM4200-260152,2026-03-07,0.033,1.505,3.084,0.78,150.4,PASS,1207.7,KT-102
TM4200-260153,2026-03-07,0.053,1.444,3.057,1.01,149.8,PASS,1194.9,KT-104
TM4200-260154,2026-03-07,0.042,1.495,3.03,0.54,149.8,PASS,1201.7,KT-104
TM4200-260155,2026-03-07,0.076,1.5,3.009,0.76,150.0,PASS,1190.2,KT-104
TM4200-260156,2026-03-07,0.027,1.494,3.024,1.0,149.7,PASS,1187.8,KT-101
TM4200-260157,2026-03-07,0.05,1.476,2.948,0.72,149.6,PASS,1201.9,KT-101
TM4200-260158,2026-03-07,0.034,1.484,3.051,0.69,150.0,PASS,1195.1,KT-102
TM4200-260159,2026-03-07,0.042,1.495,2.933,1.03,149.7,PASS,1188.1,KT-101
TM4200-260160,2026-03-07,0.05,1.503,3.05,0.74,149.8,PASS,1203.2,KT-102
TM4200-260161,2026-03-07,0.02,1.518,3.071,1.02,149.8,PASS,1212.7,KT-104
TM4200-260162,2026-03-07,0.051,1.532,3.013,0.89,150.2,PASS,1208.3,KT-103
TM4200-260163,2026-03-07,0.071,1.491,2.989,0.73,149.9,PASS,1198.5,KT-102
TM4200-260164,2026-03-07,0.043,1.486,3.024,0.9,149.9,PASS,1200.1,KT-101
TM4200-260165,2026-03-07,0.051,1.513,2.828,0.86,150.2,PASS,1205.3,KT-102
TM4200-260166,2026-03-07,0.06,1.518,3.018,1.0,150.0,PASS,1206.7,KT-103
TM4200-260167,2026-03-07,0.046,1.487,2.993,0.69,149.9,PASS,1197.9,KT-104
TM4200-260168,2026-03-07,0.041,1.524,2.997,0.81,150.1,PASS,1200.2,KT-102
TM4200-260169,2026-03-07,0.021,1.529,3.042,0.79,150.2,PASS,1201.8,KT-102
TM4200-260170,2026-03-07,0.056,1.539,2.996,0.94,150.0,PASS,1203.3,KT-103
TM4200-260171,2026-03-07,0.047,1.553,2.932,0.59,150.0,PASS,1199.2,KT-101
TM4200-260172,2026-03-07,0.036,1.474,2.992,1.0,149.8,PASS,1199.3,KT-102
TM4200-260173,2026-03-07,0.05,1.5,3.004,0.89,149.7,PASS,1208.3,KT-101
TM4200-260174,2026-03-07,0.041,1.5,3.007,0.54,150.2,PASS,1207.3,KT-103
TM4200-260175,2026-03-07,0.042,1.497,3.01,1.04,150.1,PASS,1202.9,KT-103
TM4200-260176,2026-03-08,0.055,1.481,3.062,1.25,150.1,PASS,1210.3,KT-103
TM4200-260177,2026-03-08,0.032,1.455,2.935,1.0,150.1,PASS,1197.7,KT-104
TM4200-260178,2026-03-08,0.061,1.503,3.011,1.09,150.0,PASS,1209.7,KT-102
TM4200-260179,2026-03-08,0.031,1.477,3.077,0.82,150.2,PASS,1203.3,KT-105
TM4200-260180,2026-03-08,0.04,1.503,2.896,0.47,150.3,PASS,1219.6,KT-105
TM4200-260181,2026-03-08,0.071,1.476,3.011,0.43,150.3,PASS,1192.8,KT-101
TM4200-260182,2026-03-08,0.062,1.467,2.965,0.85,150.0,PASS,1195.9,KT-105
TM4200-260183,2026-03-08,0.049,1.507,2.978,0.68,150.4,PASS,1202.5,KT-101
TM4200-260184,2026-03-08,0.037,1.505,2.946,0.62,150.1,PASS,1202.4,KT-102
TM4200-260185,2026-03-08,0.042,1.517,2.99,0.79,150.2,PASS,1211.7,KT-103
TM4200-260186,2026-03-08,0.049,1.566,3.11,0.92,150.1,PASS,1196.0,KT-101
TM4200-260187,2026-03-08,0.048,1.508,2.924,0.51,150.1,PASS,1205.4,KT-102
TM4200-260188,2026-03-08,0.047,1.515,2.93,0.71,149.8,PASS,1207.0,KT-101
TM4200-260189,2026-03-08,0.048,1.468,2.922,1.1,150.2,PASS,1204.2,KT-103
TM4200-260190,2026-03-08,0.045,1.461,3.104,0.58,150.9,PASS,1194.2,KT-105
TM4200-260191,2026-03-08,0.031,1.547,2.972,0.97,149.9,PASS,1208.4,KT-105
TM4200-260192,2026-03-08,0.042,1.472,2.998,0.7,150.0,PASS,1207.4,KT-102
TM4200-260193,2026-03-08,0.059,1.469,2.976,0.91,149.9,PASS,1203.6,KT-103
TM4200-260194,2026-03-08,0.032,1.499,2.943,1.02,149.9,PASS,1201.2,KT-103
TM4200-260195,2026-03-08,0.046,1.497,2.986,0.95,150.5,PASS,1201.4,KT-103
TM4200-260196,2026-03-08,0.038,1.473,3.147,0.98,149.8,PASS,1199.5,KT-104
TM4200-260197,2026-03-08,0.049,1.491,3.084,0.57,149.9,PASS,1203.8,KT-105
TM4200-260198,2026-03-08,0.043,1.537,2.949,1.02,149.5,PASS,1200.2,KT-103
TM4200-260199,2026-03-08,0.066,1.476,3.039,0.63,149.8,PASS,1194.9,KT-101
TM4200-260200,2026-03-08,0.054,1.458,2.95,0.85,149.5,PASS,1193.7,KT-105
TM4200-260201,2026-03-09,0.032,1.528,2.893,0.85,150.2,PASS,1195.5,KT-105
TM4200-260202,2026-03-09,0.056,1.515,3.061,0.9,150.8,PASS,1201.3,KT-102
TM4200-260203,2026-03-09,0.039,1.481,3.07,0.87,149.9,PASS,1199.8,KT-103
TM4200-260204,2026-03-09,0.041,1.453,3.063,0.63,149.5,PASS,1201.3,KT-105
TM4200-260205,2026-03-09,0.052,1.478,2.972,0.53,150.3,PASS,1203.0,KT-103
TM4200-260206,2026-03-09,0.042,1.498,2.99,0.97,149.8,PASS,1196.2,KT-103
TM4200-260207,2026-03-09,0.059,1.535,3.045,0.84,150.4,PASS,1208.8,KT-105
TM4200-260208,2026-03-09,0.039,1.469,3.023,1.03,149.9,PASS,1198.4,KT-105
TM4200-260209,2026-03-09,0.041,1.497,2.976,0.79,149.8,PASS,1197.4,KT-103
TM4200-260210,2026-03-09,0.04,1.52,2.903,0.52,149.9,PASS,1202.9,KT-101
TM4200-260211,2026-03-09,0.041,1.429,3.007,0.99,150.2,PASS,1189.0,KT-103
TM4200-260212,2026-03-09,0.061,1.531,3.065,0.73,149.9,PASS,1195.3,KT-104
TM4200-260213,2026-03-09,0.056,1.465,2.928,0.87,149.9,PASS,1205.9,KT-102
TM4200-260214,2026-03-09,0.069,1.51,3.038,0.67,149.9,PASS,1189.6,KT-103
TM4200-260215,2026-03-09,0.075,1.507,3.02,1.13,149.6,PASS,1206.7,KT-104
TM4200-260216,2026-03-09,0.036,1.533,3.045,0.62,150.1,PASS,1209.1,KT-101
TM4200-260217,2026-03-09,0.049,1.517,3.052,0.73,149.5,PASS,1197.8,KT-103
TM4200-260218,2026-03-09,0.034,1.429,2.958,0.82,149.9,PASS,1201.8,KT-104
TM4200-260219,2026-03-09,0.039,1.476,2.903,0.58,150.2,PASS,1206.7,KT-102
TM4200-260220,2026-03-09,0.04,1.504,2.968,0.87,150.1,PASS,1197.2,KT-103
TM4200-260221,2026-03-09,0.035,1.494,3.053,1.12,150.2,PASS,1205.2,KT-104
TM4200-260222,2026-03-09,0.035,1.514,2.967,0.7,150.0,PASS,1196.0,KT-101
TM4200-260223,2026-03-09,0.046,1.524,2.958,0.88,150.4,PASS,1197.1,KT-104
TM4200-260224,2026-03-09,0.033,1.518,2.891,0.25,150.3,PASS,1195.2,KT-102
TM4200-260225,2026-03-09,0.058,1.494,3.105,0.79,150.1,PASS,1202.1,KT-102
TM4200-260226,2026-03-10,0.037,1.445,3.05,0.74,150.3,PASS,1206.9,KT-104
TM4200-260227,2026-03-10,0.082,1.486,3.046,0.64,147.3,FAIL,1198.9,KT-101
TM4200-260228,2026-03-10,0.043,1.512,3.058,1.02,149.9,PASS,1192.4,KT-101
TM4200-260229,2026-03-10,0.049,1.467,3.035,0.73,149.6,PASS,1193.5,KT-103
TM4200-260230,2026-03-10,0.032,1.519,2.985,0.76,150.1,PASS,1202.4,KT-105
TM4200-260231,2026-03-10,0.068,1.527,2.99,0.72,150.2,PASS,1211.1,KT-101
TM4200-260232,2026-03-10,0.061,1.504,2.974,0.42,150.3,PASS,1202.4,KT-104
TM4200-260233,2026-03-10,0.052,1.408,3.158,0.57,149.7,PASS,1197.7,KT-101
TM4200-260234,2026-03-10,0.032,1.462,3.033,0.99,149.7,PASS,1204.6,KT-103
TM4200-260235,2026-03-10,0.051,1.557,2.972,0.38,150.1,PASS,1198.6,KT-103
TM4200-260236,2026-03-10,0.035,1.484,3.028,0.65,150.0,PASS,1197.7,KT-103
TM4200-260237,2026-03-10,0.066,1.44,2.939,0.72,149.4,PASS,1194.2,KT-101
TM4200-260238,2026-03-10,0.058,1.537,3.09,1.15,150.1,PASS,1208.5,KT-104
TM4200-260239,2026-03-10,0.049,1.5,2.96,0.95,149.4,PASS,1184.8,KT-102
TM4200-260240,2026-03-10,0.019,1.533,3.03,0.69,149.7,PASS,1204.8,KT-104
TM4200-260241,2026-03-10,0.036,1.508,3.064,1.06,150.4,PASS,1197.2,KT-104
TM4200-260242,2026-03-10,0.056,1.514,3.023,0.65,150.5,PASS,1197.5,KT-103
TM4200-260243,2026-03-10,0.063,1.511,3.006,1.0,149.6,PASS,1210.2,KT-102
TM4200-260244,2026-03-10,0.061,1.521,3.001,0.53,149.9,PASS,1195.7,KT-104
TM4200-260245,2026-03-10,0.029,1.568,2.997,1.01,150.0,PASS,1195.9,KT-105
TM4200-260246,2026-03-10,0.052,1.529,2.965,0.72,150.5,PASS,1199.2,KT-105
TM4200-260247,2026-03-10,0.06,1.453,2.973,0.59,149.9,PASS,1202.5,KT-105
TM4200-260248,2026-03-10,0.028,1.513,3.089,0.76,149.9,PASS,1197.3,KT-102
TM4200-260249,2026-03-10,0.048,1.534,2.993,0.86,150.5,PASS,1190.6,KT-103
TM4200-260250,2026-03-10,0.051,1.536,2.953,0.7,149.9,PASS,1194.8,KT-102
TM4200-260251,2026-03-11,0.044,1.487,2.969,0.91,150.2,PASS,1207.7,KT-105
TM4200-260252,2026-03-11,0.026,1.535,3.066,0.68,149.6,PASS,1200.4,KT-105
TM4200-260253,2026-03-11,0.044,1.528,3.041,0.92,149.9,PASS,1202.7,KT-105
TM4200-260254,2026-03-11,0.044,1.577,3.034,0.89,149.5,PASS,1198.4,KT-101
TM4200-260255,2026-03-11,0.046,1.477,2.985,0.79,149.7,PASS,1196.0,KT-102
TM4200-260256,2026-03-11,0.041,1.485,3.034,0.71,150.3,PASS,1210.1,KT-104
TM4200-260257,2026-03-11,0.043,1.491,2.961,0.83,150.0,PASS,1198.9,KT-104
TM4200-260258,2026-03-11,0.048,1.485,2.984,0.91,149.9,PASS,1197.3,KT-102
TM4200-260259,2026-03-11,0.053,1.473,3.058,1.21,149.8,PASS,1206.6,KT-101
TM4200-260260,2026-03-11,0.044,1.417,3.052,0.99,149.9,PASS,1195.7,KT-101
TM4200-260261,2026-03-11,0.043,1.487,2.941,1.0,150.1,PASS,1196.4,KT-104
TM4200-260262,2026-03-11,0.049,1.511,2.949,1.42,150.3,PASS,1200.1,KT-103
TM4200-260263,2026-03-11,0.025,1.485,3.007,0.9,149.2,PASS,1200.0,KT-103
TM4200-260264,2026-03-11,0.054,1.558,3.104,0.9,149.8,PASS,1201.6,KT-105
TM4200-260265,2026-03-11,0.048,1.5,2.885,0.94,150.0,PASS,1212.6,KT-101
TM4200-260266,2026-03-11,0.048,1.539,3.017,0.6,150.0,PASS,1202.0,KT-104
TM4200-260267,2026-03-11,0.06,1.508,2.917,0.71,150.1,PASS,1185.7,KT-102
TM4200-260268,2026-03-11,0.025,1.525,2.962,0.7,150.1,PASS,1202.0,KT-105
TM4200-260269,2026-03-11,0.024,1.508,2.978,0.93,149.9,PASS,1200.2,KT-105
TM4200-260270,2026-03-11,0.051,1.541,2.975,0.77,149.8,PASS,1200.3,KT-103
TM4200-260271,2026-03-11,0.048,1.502,2.968,0.83,149.9,PASS,1201.5,KT-102
TM4200-260272,2026-03-11,0.05,1.515,3.0,1.02,150.3,PASS,1199.8,KT-102
TM4200-260273,2026-03-11,0.042,1.511,2.968,0.97,149.8,PASS,1199.7,KT-101
TM4200-260274,2026-03-11,0.056,1.491,2.912,0.77,150.0,PASS,1203.7,KT-105
TM4200-260275,2026-03-11,0.059,1.512,3.047,0.67,146.6,FAIL,1196.7,KT-101
TM4200-260276,2026-03-12,0.054,1.567,3.045,1.03,150.5,PASS,1194.3,KT-103
TM4200-260277,2026-03-12,0.045,1.492,3.051,0.95,149.9,PASS,1218.1,KT-103
TM4200-260278,2026-03-12,0.023,1.513,2.908,0.48,150.3,PASS,1195.7,KT-104
TM4200-260279,2026-03-12,0.057,1.538,3.018,0.74,150.4,PASS,1200.6,KT-105
TM4200-260280,2026-03-12,0.063,1.534,3.041,0.83,150.0,PASS,1191.0,KT-103
TM4200-260281,2026-03-12,0.056,1.5,2.938,0.96,149.9,PASS,1200.7,KT-104
TM4200-260282,2026-03-12,0.037,1.428,3.001,0.98,149.9,PASS,1194.4,KT-103
TM4200-260283,2026-03-12,0.056,1.516,2.993,0.86,149.9,PASS,1197.3,KT-103
TM4200-260284,2026-03-12,0.058,1.433,3.111,0.92,150.3,PASS,1206.3,KT-101
TM4200-260285,2026-03-12,0.067,1.544,3.115,0.81,150.1,PASS,1202.8,KT-102
TM4200-260286,2026-03-12,0.037,1.505,2.9,0.67,150.1,PASS,1203.4,KT-103
TM4200-260287,2026-03-12,0.045,1.53,3.15,0.75,149.7,PASS,1189.4,KT-101
TM4200-260288,2026-03-12,0.057,1.473,2.945,0.8,149.7,PASS,1211.0,KT-102
TM4200-260289,2026-03-12,0.049,1.453,3.059,0.79,150.6,PASS,1192.8,KT-103
TM4200-260290,2026-03-12,0.035,1.508,3.058,0.42,149.9,PASS,1209.2,KT-103
TM4200-260291,2026-03-12,0.053,1.499,2.94,0.72,149.8,PASS,1206.1,KT-105
TM4200-260292,2026-03-12,0.055,1.485,3.03,0.81,150.4,PASS,1203.5,KT-105
TM4200-260293,2026-03-12,0.049,1.503,2.994,0.74,150.1,PASS,1194.9,KT-104
TM4200-260294,2026-03-12,0.051,1.583,3.033,0.75,150.2,PASS,1200.9,KT-101
TM4200-260295,2026-03-12,0.045,1.525,3.014,0.9,150.0,PASS,1197.2,KT-103
TM4200-260296,2026-03-12,0.066,1.531,3.072,0.58,149.9,PASS,1200.2,KT-104
TM4200-260297,2026-03-12,0.037,1.525,3.005,0.47,149.9,PASS,1198.5,KT-103
TM4200-260298,2026-03-12,0.041,1.544,2.99,0.73,149.6,PASS,1187.8,KT-103
TM4200-260299,2026-03-12,0.048,1.494,3.066,0.95,150.0,PASS,1206.7,KT-103
TM4200-260300,2026-03-12,0.059,1.438,3.035,1.14,150.1,PASS,1199.5,KT-103
TM4200-260301,2026-03-13,0.03,1.494,3.044,0.96,150.6,PASS,1197.1,KT-103
TM4200-260302,2026-03-13,0.032,1.524,2.96,0.51,150.0,PASS,1196.6,KT-101
TM4200-260303,2026-03-13,0.024,1.471,2.937,0.75,149.3,PASS,1202.2,KT-103
TM4200-260304,2026-03-13,0.048,1.495,2.966,0.85,150.0,PASS,1194.6,KT-102
TM4200-260305,2026-03-13,0.035,1.479,2.963,0.84,150.8,PASS,1186.5,KT-104
TM4200-260306,2026-03-13,0.043,1.545,3.047,0.91,150.3,PASS,1202.4,KT-105
TM4200-260307,2026-03-13,0.056,1.522,3.059,0.62,149.8,PASS,1203.1,KT-103
TM4200-260308,2026-03-13,0.04,1.52,2.991,0.81,150.2,PASS,1198.8,KT-102
TM4200-260309,2026-03-13,0.051,1.519,3.086,0.88,149.8,PASS,1193.1,KT-105
TM4200-260310,2026-03-13,0.044,1.499,3.082,0.97,149.6,PASS,1200.5,KT-104
TM4200-260311,2026-03-13,0.056,1.506,3.015,0.64,149.9,PASS,1191.2,KT-103
TM4200-260312,2026-03-13,0.054,1.464,2.951,0.73,150.0,PASS,1193.8,KT-101
TM4200-260313,2026-03-13,0.04,1.434,3.095,0.26,149.4,PASS,1195.5,KT-101
TM4200-260314,2026-03-13,0.046,1.505,2.996,0.68,149.7,PASS,1205.1,KT-102
TM4200-260315,2026-03-13,0.061,1.51,3.008,0.7,150.0,PASS,1197.8,KT-102
TM4200-260316,2026-03-13,0.053,1.536,2.98,0.6,149.9,PASS,1197.3,KT-104
TM4200-260317,2026-03-13,0.031,1.547,2.947,0.83,150.1,PASS,1211.7,KT-103
TM4200-260318,2026-03-13,0.056,1.547,2.912,0.79,149.6,PASS,1202.1,KT-105
TM4200-260319,2026-03-13,0.035,1.47,3.038,0.35,150.2,PASS,1202.0,KT-103
TM4200-260320,2026-03-13,0.065,1.489,2.953,0.84,149.6,PASS,1197.8,KT-105
TM4200-260321,2026-03-13,0.06,1.514,3.184,0.61,150.5,PASS,1196.4,KT-103
TM4200-260322,2026-03-13,0.051,1.576,2.935,0.9,149.5,PASS,1186.9,KT-102
TM4200-260323,2026-03-13,0.05,1.544,2.925,0.54,149.7,PASS,1205.8,KT-104
TM4200-260324,2026-03-13,0.045,1.534,3.031,0.81,150.1,PASS,1202.7,KT-103
TM4200-260325,2026-03-13,0.056,1.488,3.092,0.74,150.5,PASS,1198.9,KT-102
TM4200-260326,2026-03-14,0.044,1.474,3.004,0.86,150.1,PASS,1199.2,KT-103
TM4200-260327,2026-03-14,0.051,1.524,3.034,0.82,150.2,PASS,1204.4,KT-104
TM4200-260328,2026-03-14,0.058,1.467,2.889,0.75,150.0,PASS,1190.7,KT-102
TM4200-260329,2026-03-14,0.041,1.493,2.959,0.49,149.7,PASS,1196.5,KT-104
TM4200-260330,2026-03-14,0.041,1.497,2.936,0.5,149.9,PASS,1193.2,KT-105
TM4200-260331,2026-03-14,0.034,1.548,2.886,0.68,149.6,PASS,1210.6,KT-103
TM4200-260332,2026-03-14,0.035,1.489,3.007,0.8,149.6,PASS,1205.3,KT-102
TM4200-260333,2026-03-14,0.026,1.427,2.865,0.68,150.1,PASS,1186.8,KT-103
TM4200-260334,2026-03-14,0.057,1.515,2.921,0.93,149.7,PASS,1190.9,KT-105
TM4200-260335,2026-03-14,0.07,1.479,2.968,0.74,150.1,PASS,1199.2,KT-101
TM4200-260336,2026-03-14,0.065,1.501,2.95,0.61,149.6,PASS,1197.2,KT-105
TM4200-260337,2026-03-14,0.028,1.497,3.024,0.74,150.1,PASS,1192.1,KT-103
TM4200-260338,2026-03-14,0.057,1.492,3.018,0.85,149.9,PASS,1211.7,KT-105
TM4200-260339,2026-03-14,0.065,1.524,3.054,0.86,150.4,PASS,1201.9,KT-104
TM4200-260340,2026-03-14,0.043,1.454,3.045,1.18,150.1,PASS,1202.8,KT-104
TM4200-260341,2026-03-14,0.049,1.484,3.068,0.67,150.4,PASS,1195.8,KT-105
TM4200-260342,2026-03-14,0.024,1.521,3.0,0.79,149.8,PASS,1204.3,KT-101
TM4200-260343,2026-03-14,0.051,1.482,3.018,0.89,150.0,PASS,1197.7,KT-103
TM4200-260344,2026-03-14,0.035,1.452,3.031,0.8,149.7,PASS,1198.3,KT-101
TM4200-260345,2026-03-14,0.05,1.52,3.008,0.7,149.9,PASS,1203.7,KT-102
TM4200-260346,2026-03-14,0.029,1.534,2.976,0.49,149.9,PASS,1190.2,KT-101
TM4200-260347,2026-03-14,0.055,1.499,2.98,0.7,149.8,PASS,1209.6,KT-104
TM4200-260348,2026-03-14,0.06,1.441,2.951,0.59,149.6,PASS,1201.1,KT-104
TM4200-260349,2026-03-14,0.039,1.521,3.025,0.45,149.6,PASS,1207.7,KT-104
TM4200-260350,2026-03-14,0.034,1.45,2.994,0.64,149.3,PASS,1193.5,KT-101
TM4200-260351,2026-03-15,0.022,1.509,2.96,0.59,149.7,PASS,1194.5,KT-102
TM4200-260352,2026-03-15,0.045,1.473,2.96,0.92,150.2,PASS,1193.0,KT-104
TM4200-260353,2026-03-15,0.041,1.465,2.927,0.92,149.5,PASS,1201.5,KT-105
TM4200-260354,2026-03-15,0.029,1.487,3.059,0.62,149.6,PASS,1200.4,KT-105
TM4200-260355,2026-03-15,0.053,1.495,3.005,0.75,150.5,PASS,1197.2,KT-101
TM4200-260356,2026-03-15,0.043,1.481,2.948,0.43,149.8,PASS,1193.9,KT-103
TM4200-260357,2026-03-15,0.035,1.518,3.049,0.7,150.1,PASS,1192.4,KT-101
TM4200-260358,2026-03-15,0.041,1.487,2.966,0.88,150.2,PASS,1199.7,KT-105
TM4200-260359,2026-03-15,0.061,1.529,2.916,0.96,150.2,PASS,1197.2,KT-101
TM4200-260360,2026-03-15,0.055,1.508,3.061,0.66,149.5,PASS,1195.9,KT-105
TM4200-260361,2026-03-15,0.046,1.479,2.968,1.01,149.9,PASS,1209.3,KT-101
TM4200-260362,2026-03-15,0.055,1.474,2.975,0.5,149.5,PASS,1199.5,KT-101
TM4200-260363,2026-03-15,0.034,1.451,3.002,0.55,150.7,PASS,1207.6,KT-105
TM4200-260364,2026-03-15,0.048,1.509,3.069,0.94,149.5,PASS,1196.8,KT-103
TM4200-260365,2026-03-15,0.05,1.489,3.001,1.13,149.7,PASS,1201.5,KT-103
TM4200-260366,2026-03-15,0.042,1.429,2.928,0.9,149.7,PASS,1199.7,KT-104
TM4200-260367,2026-03-15,0.053,1.484,3.033,0.79,149.6,PASS,1189.8,KT-102
TM4200-260368,2026-03-15,0.039,1.473,2.971,0.36,150.4,PASS,1208.6,KT-104
TM4200-260369,2026-03-15,0.054,1.547,3.113,0.4,150.7,PASS,1199.2,KT-103
TM4200-260370,2026-03-15,0.055,1.449,3.0,0.83,149.9,PASS,1204.5,KT-102
TM4200-260371,2026-03-15,0.013,1.457,2.866,0.73,149.6,PASS,1195.5,KT-102
TM4200-260372,2026-03-15,0.062,1.533,3.021,0.58,149.3,PASS,1199.0,KT-101
TM4200-260373,2026-03-15,0.011,1.541,3.117,0.81,149.9,PASS,1194.8,KT-102
TM4200-260374,2026-03-15,0.041,1.478,3.095,0.82,149.9,PASS,1207.4,KT-103
TM4200-260375,2026-03-15,0.06,1.481,3.11,0.99,149.8,PASS,1201.9,KT-101
TM4200-260376,2026-03-16,0.044,1.518,2.939,0.83,150.1,PASS,1202.2,KT-101
TM4200-260377,2026-03-16,0.03,1.43,3.055,1.05,150.1,PASS,1208.1,KT-104
TM4200-260378,2026-03-16,0.035,1.444,2.957,0.8,150.1,PASS,1206.9,KT-103
TM4200-260379,2026-03-16,0.06,1.492,3.013,0.78,149.9,PASS,1204.6,KT-101
TM4200-260380,2026-03-16,0.025,1.546,2.924,1.01,149.7,PASS,1191.5,KT-104
TM4200-260381,2026-03-16,0.062,1.487,2.961,0.6,150.2,PASS,1195.8,KT-104
TM4200-260382,2026-03-16,0.047,1.503,2.959,1.36,150.0,PASS,1194.0,KT-101
TM4200-260383,2026-03-16,0.034,1.534,3.054,0.88,150.3,PASS,1204.4,KT-102
TM4200-260384,2026-03-16,0.041,1.563,3.048,0.88,150.2,PASS,1201.0,KT-102
TM4200-260385,2026-03-16,0.036,1.483,3.017,0.91,149.6,PASS,1191.7,KT-104
TM4200-260386,2026-03-16,0.058,1.499,2.919,1.18,149.6,PASS,1198.9,KT-101
TM4200-260387,2026-03-16,0.057,1.555,2.981,0.96,149.8,PASS,1191.0,KT-105
TM4200-260388,2026-03-16,0.027,1.454,2.955,0.48,149.7,PASS,1199.7,KT-102
TM4200-260389,2026-03-16,0.043,1.531,3.052,1.08,150.2,PASS,1190.1,KT-101
TM4200-260390,2026-03-16,0.038,1.469,3.071,0.73,150.1,PASS,1203.2,KT-105
TM4200-260391,2026-03-16,0.064,1.503,3.063,0.82,150.3,PASS,1202.3,KT-101
TM4200-260392,2026-03-16,0.032,1.493,2.955,0.54,150.1,PASS,1211.4,KT-101
TM4200-260393,2026-03-16,0.067,1.471,2.836,0.91,150.1,PASS,1205.1,KT-105
TM4200-260394,2026-03-16,0.048,1.471,2.894,0.67,150.4,PASS,1197.5,KT-103
TM4200-260395,2026-03-16,0.034,1.508,3.085,0.82,150.1,PASS,1204.9,KT-103
TM4200-260396,2026-03-16,0.04,1.53,2.976,0.74,150.0,PASS,1191.6,KT-104
TM4200-260397,2026-03-16,0.038,1.496,2.955,1.19,150.4,PASS,1194.2,KT-104
TM4200-260398,2026-03-16,0.033,1.502,3.099,1.2,150.0,PASS,1202.0,KT-104
TM4200-260399,2026-03-16,0.049,1.517,3.076,0.81,149.9,PASS,1187.1,KT-101
TM4200-260400,2026-03-16,0.033,1.471,3.001,0.81,149.7,PASS,1199.8,KT-103
TM4200-260401,2026-03-17,0.022,1.522,2.982,0.73,146.2,FAIL,1193.9,KT-102
TM4200-260402,2026-03-17,0.043,1.525,2.992,1.02,150.4,PASS,1200.6,KT-105
TM4200-260403,2026-03-17,0.026,1.578,3.014,0.73,150.0,PASS,1193.5,KT-103
TM4200-260404,2026-03-17,0.039,1.489,3.096,0.72,150.4,PASS,1202.5,KT-101
TM4200-260405,2026-03-17,0.037,1.486,3.025,1.0,149.4,PASS,1200.1,KT-105
TM4200-260406,2026-03-17,0.038,1.523,3.044,0.69,150.0,PASS,1208.4,KT-102
TM4200-260407,2026-03-17,0.072,1.525,3.07,0.79,150.0,PASS,1200.0,KT-102
TM4200-260408,2026-03-17,0.049,1.484,2.93,0.48,149.8,PASS,1195.4,KT-105
TM4200-260409,2026-03-17,0.051,1.488,3.045,0.94,150.7,PASS,1198.5,KT-104
TM4200-260410,2026-03-17,0.027,1.516,2.982,1.19,150.0,PASS,1191.9,KT-105
TM4200-260411,2026-03-17,0.04,1.475,2.849,0.94,149.9,PASS,1202.4,KT-104
TM4200-260412,2026-03-17,0.051,1.488,2.872,1.09,150.0,PASS,1203.5,KT-105
TM4200-260413,2026-03-17,0.036,1.503,2.939,0.63,149.4,PASS,1214.8,KT-101
TM4200-260414,2026-03-17,0.059,1.53,3.032,0.85,149.8,PASS,1196.3,KT-103
TM4200-260415,2026-03-17,0.034,1.482,3.007,0.61,150.3,PASS,1198.4,KT-102
TM4200-260416,2026-03-17,0.045,1.445,3.011,0.75,149.8,PASS,1196.5,KT-102
TM4200-260417,2026-03-17,0.041,1.443,3.117,0.95,149.8,PASS,1201.3,KT-102
TM4200-260418,2026-03-17,0.05,1.462,2.924,0.82,150.4,PASS,1202.3,KT-102
TM4200-260419,2026-03-17,0.04,1.461,2.998,0.52,150.4,PASS,1199.7,KT-103
TM4200-260420,2026-03-17,0.045,1.495,3.018,0.54,146.2,FAIL,1206.5,KT-105
TM4200-260421,2026-03-17,0.045,1.464,2.956,0.52,149.9,PASS,1196.3,KT-104
TM4200-260422,2026-03-17,0.039,1.479,3.002,0.9,149.9,PASS,1205.9,KT-102
TM4200-260423,2026-03-17,0.054,1.477,2.904,1.21,149.8,PASS,1203.2,KT-103
TM4200-260424,2026-03-17,0.051,1.487,3.085,1.07,149.7,PASS,1199.9,KT-103
TM4200-260425,2026-03-17,0.047,1.54,2.959,0.42,149.7,PASS,1198.1,KT-102
TM4200-260426,2026-03-18,0.043,1.52,3.122,1.08,149.8,PASS,1214.6,KT-103
TM4200-260427,2026-03-18,0.058,1.5,2.998,0.99,149.7,PASS,1195.1,KT-104
TM4200-260428,2026-03-18,0.045,1.486,3.062,0.49,149.5,PASS,1201.8,KT-102
TM4200-260429,2026-03-18,0.044,1.487,2.997,0.74,150.1,PASS,1195.5,KT-103
TM4200-260430,2026-03-18,0.049,1.51,2.998,1.02,150.1,PASS,1210.7,KT-104
TM4200-260431,2026-03-18,0.068,1.518,2.965,0.91,150.5,PASS,1205.3,KT-103
TM4200-260432,2026-03-18,0.032,1.473,3.007,0.54,149.8,PASS,1195.9,KT-102
TM4200-260433,2026-03-18,0.057,1.501,3.019,0.92,150.1,PASS,1203.1,KT-103
TM4200-260434,2026-03-18,0.025,1.439,2.953,0.37,150.1,PASS,1201.5,KT-104
TM4200-260435,2026-03-18,0.051,1.506,2.992,0.76,149.9,PASS,1196.9,KT-102
TM4200-260436,2026-03-18,0.067,1.523,2.963,1.03,150.2,PASS,1204.5,KT-103
TM4200-260437,2026-03-18,0.054,1.492,3.138,0.8,150.2,PASS,1202.3,KT-104
TM4200-260438,2026-03-18,0.05,1.554,2.995,0.7,150.1,PASS,1201.3,KT-102
TM4200-260439,2026-03-18,0.041,1.474,3.093,0.98,149.9,PASS,1199.7,KT-102
TM4200-260440,2026-03-18,0.048,1.507,2.988,0.99,149.9,PASS,1202.6,KT-105
TM4200-260441,2026-03-18,0.045,1.499,3.016,1.06,149.6,PASS,1201.4,KT-102
TM4200-260442,2026-03-18,0.039,1.497,2.921,0.97,149.8,PASS,1200.4,KT-103
TM4200-260443,2026-03-18,0.045,1.497,2.973,1.02,149.8,PASS,1196.2,KT-101
TM4200-260444,2026-03-18,0.05,1.503,3.013,0.95,149.7,PASS,1210.2,KT-105
TM4200-260445,2026-03-18,0.039,1.525,3.095,0.85,150.1,PASS,1193.7,KT-103
TM4200-260446,2026-03-18,0.038,1.541,3.013,0.82,150.4,PASS,1202.6,KT-104
TM4200-260447,2026-03-18,0.032,1.5,3.083,0.75,149.7,PASS,1198.1,KT-104
TM4200-260448,2026-03-18,0.053,1.524,3.038,0.56,150.1,PASS,1210.6,KT-102
TM4200-260449,2026-03-18,0.055,1.479,3.098,0.61,149.7,PASS,1194.6,KT-102
TM4200-260450,2026-03-18,0.051,1.523,2.996,0.74,149.9,PASS,1195.6,KT-104
TM4200-260451,2026-03-19,0.06,1.477,3.143,0.85,149.8,PASS,1194.2,KT-105
TM4200-260452,2026-03-19,0.049,1.533,2.971,1.09,150.2,PASS,1201.9,KT-101
TM4200-260453,2026-03-19,0.053,1.566,2.954,0.79,149.8,PASS,1191.8,KT-105
TM4200-260454,2026-03-19,0.052,1.496,2.927,1.0,150.3,PASS,1197.1,KT-105
TM4200-260455,2026-03-19,0.047,1.434,3.14,1.02,149.9,PASS,1187.1,KT-101
TM4200-260456,2026-03-19,0.042,1.484,3.049,0.75,149.8,PASS,1201.4,KT-101
TM4200-260457,2026-03-19,0.075,1.537,2.98,0.92,149.6,PASS,1197.0,KT-104
TM4200-260458,2026-03-19,0.043,1.517,3.075,0.75,150.1,PASS,1191.1,KT-105
TM4200-260459,2026-03-19,0.04,1.507,3.041,1.06,150.3,PASS,1206.5,KT-102
TM4200-260460,2026-03-19,0.053,1.53,3.118,0.93,150.1,PASS,1192.2,KT-104
TM4200-260461,2026-03-19,0.051,1.515,2.907,0.56,150.7,PASS,1204.8,KT-105
TM4200-260462,2026-03-19,0.031,1.537,2.984,0.83,150.4,PASS,1195.8,KT-102
TM4200-260463,2026-03-19,0.061,1.528,2.972,1.13,149.9,PASS,1209.6,KT-102
TM4200-260464,2026-03-19,0.047,1.546,2.882,0.76,149.9,PASS,1204.5,KT-105
TM4200-260465,2026-03-19,0.035,1.511,3.064,0.89,150.1,PASS,1194.0,KT-102
TM4200-260466,2026-03-19,0.062,1.527,2.984,0.91,149.7,PASS,1194.5,KT-103
TM4200-260467,2026-03-19,0.056,1.491,3.044,0.59,150.3,PASS,1203.6,KT-103
TM4200-260468,2026-03-19,0.033,1.482,3.142,0.9,150.1,PASS,1198.4,KT-103
TM4200-260469,2026-03-19,0.069,1.551,2.979,0.52,150.1,PASS,1199.0,KT-102
TM4200-260470,2026-03-19,0.056,1.506,2.975,0.67,150.2,PASS,1207.6,KT-104
TM4200-260471,2026-03-19,0.048,1.524,3.007,1.02,150.5,PASS,1195.5,KT-104
TM4200-260472,2026-03-19,0.067,1.504,3.059,0.87,150.1,PASS,1200.5,KT-102
TM4200-260473,2026-03-19,0.05,1.482,2.966,0.74,150.0,PASS,1205.7,KT-103
TM4200-260474,2026-03-19,0.048,1.5,2.962,0.89,150.5,PASS,1204.9,KT-101
TM4200-260475,2026-03-19,0.04,1.543,3.063,0.79,150.3,PASS,1199.0,KT-102
TM4200-260476,2026-03-20,0.055,1.517,3.023,0.8,149.9,PASS,1198.3,KT-105
TM4200-260477,2026-03-20,0.054,1.449,2.877,0.93,150.0,PASS,1189.6,KT-103
TM4200-260478,2026-03-20,0.048,1.494,2.926,0.65,150.1,PASS,1193.7,KT-104
TM4200-260479,2026-03-20,0.039,1.553,3.09,0.81,150.1,PASS,1201.9,KT-105
TM4200-260480,2026-03-20,0.05,1.494,3.024,0.74,149.6,PASS,1199.2,KT-104
TM4200-260481,2026-03-20,0.047,1.446,2.954,0.48,149.5,PASS,1200.4,KT-104
TM4200-260482,2026-03-20,0.032,1.557,2.99,0.62,149.7,PASS,1206.2,KT-104
TM4200-260483,2026-03-20,0.03,1.52,3.001,1.11,149.7,PASS,1192.9,KT-103
TM4200-260484,2026-03-20,0.055,1.498,3.044,0.88,149.8,PASS,1198.6,KT-104
TM4200-260485,2026-03-20,0.017,1.489,2.919,0.54,150.2,PASS,1201.1,KT-102
TM4200-260486,2026-03-20,0.05,1.532,2.95,0.49,149.9,PASS,1195.8,KT-105
TM4200-260487,2026-03-20,0.042,1.484,3.016,0.78,150.1,PASS,1208.6,KT-101
TM4200-260488,2026-03-20,0.064,1.534,2.994,1.11,149.6,PASS,1205.5,KT-105
TM4200-260489,2026-03-20,0.042,1.516,3.034,0.76,149.9,PASS,1201.7,KT-105
TM4200-260490,2026-03-20,0.056,1.507,2.926,1.06,150.2,PASS,1210.8,KT-101
TM4200-260491,2026-03-20,0.043,1.504,3.021,0.87,150.2,PASS,1191.0,KT-104
TM4200-260492,2026-03-20,0.049,1.495,3.065,0.89,149.8,PASS,1200.0,KT-105
TM4200-260493,2026-03-20,0.057,1.531,3.029,0.53,150.0,PASS,1202.2,KT-103
TM4200-260494,2026-03-20,0.042,1.474,3.008,0.99,150.7,PASS,1194.5,KT-102
TM4200-260495,2026-03-20,0.06,1.451,2.994,0.73,150.0,PASS,1201.8,KT-105
TM4200-260496,2026-03-20,0.036,1.518,2.95,0.97,149.8,PASS,1193.4,KT-103
TM4200-260497,2026-03-20,0.052,1.519,2.996,0.64,149.9,PASS,1204.1,KT-101
TM4200-260498,2026-03-20,0.059,1.514,3.076,0.84,150.0,PASS,1206.3,KT-102
TM4200-260499,2026-03-20,0.056,1.512,2.993,0.87,150.0,PASS,1201.6,KT-104
TM4200-260500,2026-03-20,0.071,1.49,2.947,0.77,150.0,PASS,1188.9,KT-103
